"TIMESTAMP","RECORD","Global_Horizontal_Irradiance_Avg","Global_Horizontal_Irradiance_Max","Global_Horizontal_Irradiance_Min","Global_Horizontal_Irradiance_Std","Global_Normal_Irradiance_Avg","Global_Normal_Irradiance_Max","Global_Normal_Irradiance_Min","Global_Normal_Irradiance_Std","Direct_Normal_Irradiance_Avg","Direct_Normal_Irradiance_Max","Direct_Normal_Irradiance_Min","Direct_Normal_Irradiance_Std"
"2020-03-29 16:15:00",67,172.9396,176.4,171.4,1.216,178.7994,182.3,177.1,1.151,0.4679781,1.069,0.37,0.086
"2020-03-29 16:20:00",68,156.1033,171.9,142.7,8.59,162.8046,177,153.2,8.02,0.4807095,0.926,0.172,0.109
"2020-03-29 16:25:00",69,177.5205,228.6,142.1,16.16,186.8125,320.4,155.3,32.89,0.2557005,0.575,0.003,0.109
"2020-03-29 16:30:00",70,219.173,270.6,185.7,28.45,287.9414,457.2,185.5,92.1,-0.009801466,0.469,-0.44,0.221
"2020-03-29 16:35:00",71,210.0415,234.1,187.7,11.03,227.4249,289.4,188.6,25.62,0.1502196,0.419,-0.29,0.144
"2020-03-29 16:40:00",72,227.16,249.3,187.4,20.37,362.2343,454.8,188.8,89.9,0.1738798,0.561,-0.309,0.222
"2020-03-29 16:45:00",73,149.844,232.9,82,51.6,289.9033,455,104,135.3,0.2707407,0.574,-0.184,0.184
"2020-03-29 16:50:00",74,91.20772,99.7,81.7,6.153,94.29828,103.8,88.8,4.5,-0.6781178,-0.025,-1.001,0.218
"2020-03-29 16:55:00",75,104.0876,107.8,99.8,2.482,92.79568,96.3,88.9,2.287,-0.2195037,0.084,-0.436,0.104
"2020-03-29 17:00:00",76,64.5424,100.6,30.83,22.16,70.81519,95.1,40.4,17.25,-0.4047854,-0.149,-0.841,0.167
"2020-03-29 17:05:00",77,22.87472,30.74,19.68,2.83,27.26565,40.23,20.33,5.315,-0.3313712,-0.098,-0.509,0.077
"2020-03-29 17:10:00",78,18.04694,19.7,17.26,0.739,16.2557,20.27,13.93,1.891,-0.3736958,-0.124,-0.616,0.112
"2020-03-29 17:15:00",79,19.75751,23.14,17.56,1.722,15.02282,16.94,13.94,0.989,-0.2163549,-0.012,-0.376,0.071
"2020-03-29 17:20:00",80,26.00979,27.48,23.18,1.349,18.75236,20.15,16.91,0.96,-0.04355139,0.129,-0.231,0.075
"2020-03-29 17:25:00",81,28.10556,31.01,26.56,1.577,22.42156,26.58,20.15,1.957,0.1128001,0.304,-0.018,0.064
"2020-03-29 17:30:00",82,28.13935,31.17,24.88,2.111,25.61345,27.4,23.05,1.367,-0.1249846,0.124,-0.294,0.101
"2020-03-29 17:35:00",83,23.41739,24.88,22.68,0.572,21.87236,23.01,21.26,0.434,-0.2727809,-0.097,-0.366,0.046
"2020-03-29 17:40:00",84,29.1024,38.09,22.55,6.194,23.54398,27.43,21.15,2.345,-0.07766942,0.264,-0.34,0.197
"2020-03-29 17:45:00",85,26.92053,37,17.79,6.066,22.59458,27.42,15.8,3.855,0.2558437,0.395,0.184,0.034
"2020-03-29 17:50:00",86,15.64667,17.8,14.97,0.797,13.41103,15.76,12.64,0.874,0.1631242,0.365,0.032,0.054
"2020-03-29 17:55:00",87,15.38856,15.66,15.07,0.176,13.37869,13.85,12.7,0.342,-0.01541785,0.167,-0.167,0.072
"2020-03-29 18:00:00",88,14.06467,15.21,12.74,0.758,13.50626,13.95,12.86,0.333,-0.1294076,0.001,-0.227,0.037
"2020-03-29 18:05:00",89,12.17287,12.74,11.71,0.28,12.57737,12.92,11.81,0.32,-0.2172466,-0.049,-0.316,0.049
"2020-03-29 18:10:00",90,9.517831,11.78,6.477,1.684,10.18199,12.06,7.826,1.286,-0.02381378,0.158,-0.27,0.106
"2020-03-29 18:15:00",91,4.248474,6.479,2.795,1.038,5.448252,7.79,3.605,1.188,0.1428729,0.277,0.06,0.037
"2020-03-29 18:20:00",92,2.289901,2.817,2.085,0.201,2.521499,3.598,1.672,0.559,0.2010979,0.321,0.12,0.034
"2020-03-29 18:25:00",93,2.328942,2.778,2.09,0.193,1.865024,2.162,1.644,0.144,0.2714747,0.459,0.178,0.044
"2020-03-29 18:30:00",94,3.222088,3.504,2.778,0.21,2.475323,2.733,2.13,0.173,0.07365849,0.338,-0.113,0.094
"2020-03-29 18:35:00",95,2.87507,3.341,2.626,0.215,2.327596,2.623,2.106,0.162,-0.05268204,0.102,-0.168,0.047
"2020-03-29 18:40:00",96,2.540194,2.754,2.209,0.134,2.25124,2.364,2.079,0.064,-0.03192467,0.116,-0.125,0.045
"2020-03-29 18:45:00",97,1.757242,2.226,1.254,0.285,1.708241,2.086,1.24,0.243,0.008529583,0.135,-0.091,0.046
"2020-03-29 18:50:00",98,0.9043826,1.279,0.637,0.174,0.9373122,1.258,0.644,0.18,0.06580736,0.21,-0.027,0.038
"2020-03-29 18:55:00",99,0.3359376,0.663,0.045,0.18,0.3837799,0.65,0.177,0.129,0.1341333,0.31,-0.004,0.066
"2020-03-29 19:05:00",101,0.3815376,0.46,0.288,0.041,0.2801864,0.373,0.163,0.043,0.05219325,0.199,-0.049,0.046
"2020-03-29 19:10:00",102,0.3352281,0.441,0.251,0.04,0.319981,0.408,0.257,0.035,0.1031839,0.215,0.024,0.033
"2020-03-29 19:15:00",103,0.1028465,0.288,-0.131,0.125,0.1864947,0.293,0.022,0.064,0.1764984,0.341,0.043,0.055
"2020-03-29 19:20:00",104,-0.03571832,0.184,-0.201,0.094,0.06457583,0.166,-0.083,0.065,0.2522824,0.349,0.148,0.039
"2020-03-29 19:25:00",105,0.2244614,0.375,-0.057,0.104,0.1801687,0.233,0.112,0.027,0.1943268,0.294,0.114,0.033
"2020-03-29 19:30:00",106,-0.1740587,0.178,-0.506,0.197,0.1890917,0.32,0.051,0.068,0.1913631,0.326,0.057,0.064
"2020-03-29 19:35:00",107,0.1779724,0.293,-0.02,0.072,0.1576366,0.282,0.058,0.059,0.03504831,0.163,-0.037,0.039
"2020-03-29 19:40:00",108,0.1072878,0.347,-0.273,0.194,0.1209111,0.17,0.055,0.025,0.1227551,0.321,-0.039,0.076
"2020-03-29 19:45:00",109,0.1746283,0.272,0.015,0.063,0.09486692,0.167,0.02,0.036,0.1637086,0.283,0.04,0.043
"2020-03-29 19:50:00",110,-0.0316851,0.28,-0.274,0.139,0.1270346,0.201,0.025,0.042,0.1276417,0.236,0.029,0.038
"2020-03-29 19:55:00",111,0.03186379,0.099,-0.049,0.034,0.1949609,0.348,-0.011,0.077,0.02743765,0.134,-0.102,0.049
"2020-03-29 20:00:00",112,0.1071116,0.23,-0.04,0.059,0.3946777,0.501,0.309,0.054,-0.03538148,0.083,-0.123,0.036
"2020-03-29 20:05:00",113,0.04842468,0.235,-0.201,0.122,0.3294101,0.471,0.182,0.084,0.04148893,0.177,-0.089,0.045
"2020-03-29 20:10:00",114,0.08583694,0.399,-0.433,0.233,0.1098235,0.332,-0.24,0.124,0.1170614,0.255,0.017,0.04
"2020-03-29 20:15:00",115,0.04080266,0.215,-0.125,0.09,0.03641277,0.213,-0.388,0.154,0.07806854,0.226,0.013,0.033
"2020-03-29 20:20:00",116,0.0333972,0.169,-0.163,0.069,0.205985,0.532,-0.184,0.224,0.06824426,0.213,-0.074,0.049
"2020-03-29 20:25:00",117,0.01906204,0.185,-0.131,0.068,0.3324426,0.516,0.089,0.109,0.04850188,0.179,-0.041,0.033
"2020-03-29 20:30:00",118,-0.01887704,0.353,-0.371,0.235,0.01740746,0.131,-0.189,0.077,0.1844741,0.304,0.067,0.057
"2020-03-29 20:35:00",119,0.01383559,0.271,-0.277,0.168,-0.200363,0.105,-0.622,0.218,0.1912133,0.336,0.094,0.04
"2020-03-29 20:40:00",120,-0.1330178,0.25,-0.456,0.184,-0.2706283,-0.059,-0.618,0.136,0.2491139,0.359,0.153,0.039
"2020-03-29 20:45:00",121,-0.1417198,0.298,-0.479,0.225,-0.1466384,0.021,-0.269,0.068,0.2206922,0.406,0.042,0.083
"2020-03-29 20:50:00",122,0.2997782,0.414,0.147,0.066,-0.02696644,0.074,-0.193,0.058,0.04982014,0.152,-0.039,0.035
"2020-03-29 20:55:00",123,0.07355642,0.254,-0.109,0.109,-0.03152808,0.05,-0.14,0.042,0.1209991,0.236,0.034,0.035
"2020-03-29 21:00:00",124,-0.01650691,0.07,-0.119,0.048,0.03253124,0.133,-0.051,0.044,0.1970184,0.299,0.122,0.027
"2020-03-29 21:05:00",125,0.0853908,0.237,-0.087,0.071,0.03817592,0.086,-0.035,0.023,0.1854513,0.293,0.07,0.036
"2020-03-29 21:10:00",126,0.3172556,0.373,0.224,0.037,0.05377721,0.119,-0.039,0.035,0.1041593,0.213,0.013,0.045
"2020-03-29 21:15:00",127,0.4352278,0.565,0.298,0.07,0.1985674,0.287,0.11,0.043,0.03144583,0.173,-0.084,0.057
"2020-03-29 21:20:00",128,0.2061216,0.335,0.047,0.07,0.1881175,0.246,0.122,0.024,0.1087991,0.221,0.032,0.035
"2020-03-29 21:25:00",129,-0.02068225,0.225,-0.258,0.118,0.1672037,0.272,0.068,0.043,0.1540111,0.304,0.023,0.055
"2020-03-29 21:30:00",130,0.1474614,0.209,0.078,0.031,0.2368961,0.277,0.18,0.02,0.05712734,0.163,-0.037,0.036
"2020-03-29 21:35:00",131,0.0623568,0.212,-0.036,0.064,0.1615713,0.269,0.005,0.058,0.09367822,0.192,-0.031,0.035
"2020-03-29 21:40:00",132,0.02037826,0.149,-0.08,0.051,0.03610779,0.112,-0.072,0.045,0.09306463,0.242,-0.004,0.044
"2020-03-29 21:45:00",133,-0.2788534,-0.026,-0.543,0.152,-0.1064441,0.07,-0.59,0.132,0.07220795,0.189,-0.003,0.038
"2020-03-29 21:50:00",134,-0.3291413,0.118,-0.672,0.258,0.04211369,0.476,-0.481,0.246,0.05712477,0.227,-0.159,0.09
"2020-03-29 21:55:00",135,0.1160102,0.223,-0.016,0.063,0.2714573,0.479,-0.072,0.12,-0.04134518,0.09,-0.126,0.04
"2020-03-29 22:00:00",136,0.4024256,0.617,0.162,0.112,0.4749098,0.708,0.248,0.103,-0.0930542,0.042,-0.213,0.053
"2020-03-29 22:05:00",137,0.2476248,0.739,-0.223,0.251,0.4003844,0.814,-0.168,0.247,-0.0672673,0.15,-0.234,0.083
"2020-03-29 22:10:00",138,0.1384103,0.49,-0.085,0.159,0.4417921,0.84,-0.014,0.229,-0.04506806,0.128,-0.187,0.063
"2020-03-29 22:15:00",139,0.194631,0.457,-0.093,0.14,0.4673983,0.792,-0.037,0.231,-0.05522036,0.101,-0.152,0.05
"2020-03-29 22:20:00",140,0.0812481,0.393,-0.238,0.191,0.271636,0.579,-0.337,0.236,-0.01122916,0.154,-0.14,0.076
"2020-03-29 22:25:00",141,0.1281241,0.495,-0.257,0.227,0.44692,0.782,-0.002,0.213,0.0103487,0.185,-0.116,0.083
"2020-03-29 22:30:00",142,0.05707309,0.49,-0.32,0.248,0.2520432,0.747,-0.358,0.312,0.100802,0.337,-0.137,0.125
"2020-03-29 22:35:00",143,-0.1369135,0.211,-0.419,0.149,-0.1980494,0.257,-0.605,0.214,0.3264819,0.486,0.051,0.107
"2020-03-29 22:40:00",144,0.03918576,0.365,-0.336,0.252,-0.4292898,-0.158,-0.736,0.145,0.4098269,0.53,0.312,0.057
"2020-03-29 22:45:00",145,0.2140585,0.364,-0.091,0.137,-0.1848919,0.047,-0.332,0.087,0.2955657,0.444,0.202,0.039
"2020-03-29 22:50:00",146,0.1310311,0.399,-0.051,0.135,0.2233734,0.309,0.043,0.065,0.1535529,0.315,0.061,0.045
"2020-03-29 22:55:00",147,0.0971535,0.309,-0.018,0.076,0.05974441,0.2,-0.117,0.088,0.166077,0.27,0.089,0.03
"2020-03-29 23:00:00",148,0.06564843,0.433,-0.176,0.172,-0.02500908,0.045,-0.116,0.036,0.1868466,0.298,0.034,0.052
"2020-03-29 23:05:00",149,-0.1463317,0.163,-0.424,0.157,-0.1501887,0.127,-0.414,0.124,0.1794287,0.311,0.043,0.06
"2020-03-29 23:10:00",150,0.1394963,0.336,-0.242,0.168,0.06229716,0.208,-0.395,0.131,0.06873527,0.16,-0.02,0.034
"2020-03-29 23:15:00",151,-0.6803522,-0.224,-0.939,0.204,-0.4041942,-0.054,-0.999,0.259,0.2516057,0.403,0.096,0.069
"2020-03-29 23:20:00",152,-0.3484342,-0.112,-0.546,0.127,-0.1103577,0.242,-0.448,0.158,0.1855478,0.321,0.053,0.049
"2020-03-29 23:25:00",153,-0.0347221,0.16,-0.352,0.115,0.2094479,0.509,-0.096,0.14,0.1006463,0.248,0.02,0.037
"2020-03-29 23:30:00",154,0.4271737,0.592,0.009,0.151,0.2749649,0.44,0.155,0.055,0.1153133,0.215,0.017,0.034
"2020-03-29 23:35:00",155,0.3363544,0.559,0.14,0.103,0.1013137,0.231,-0.122,0.076,0.1227376,0.234,0.04,0.032
"2020-03-29 23:40:00",156,0.1380654,0.318,-0.011,0.105,0.1396719,0.371,-0.068,0.12,0.09704016,0.255,-0.027,0.062
"2020-03-29 23:45:00",157,0.2204618,0.473,0.094,0.092,0.2731825,0.485,0.109,0.107,0.0354413,0.142,-0.06,0.037
"2020-03-29 23:50:00",158,0.3828458,0.53,0.09,0.124,0.2955993,0.535,-0.006,0.136,-0.08840146,0.112,-0.189,0.058
"2020-03-29 23:55:00",159,0.05483562,0.282,-0.197,0.124,0.1749911,0.526,-0.048,0.144,0.04089498,0.168,-0.088,0.056
"2020-03-30 00:00:00",160,-0.2119674,-0.02,-0.352,0.089,-0.01760299,0.085,-0.111,0.038,0.2239625,0.313,0.169,0.03
"2020-03-30 00:05:00",161,-0.0765223,0.087,-0.165,0.048,0.1423538,0.326,-0.064,0.087,0.1803203,0.301,0.083,0.041
"2020-03-30 00:10:00",162,0.009474066,0.307,-0.404,0.205,0.06240138,0.36,-0.238,0.168,0.1814359,0.347,0.05,0.07
"2020-03-30 00:15:00",163,-0.06869743,0.168,-0.39,0.157,-0.05096904,0.047,-0.161,0.049,0.2456209,0.365,0.111,0.042
"2020-03-30 00:20:00",164,0.2130289,0.386,-0.057,0.138,0.03730822,0.226,-0.127,0.082,0.1262078,0.263,0.03,0.052
"2020-03-30 00:25:00",165,0.03474775,0.463,-0.289,0.196,0.1719799,0.324,0.017,0.071,0.1409869,0.247,0.057,0.037
"2020-03-30 00:30:00",166,0.02513531,0.521,-0.264,0.267,-0.2013431,0.265,-0.594,0.216,0.05736732,0.179,-0.182,0.068
"2020-03-30 00:35:00",167,1.137507,1.413,0.48,0.238,0.5128246,0.718,-0.033,0.187,-0.3668721,-0.118,-0.583,0.095
"2020-03-30 00:40:00",168,0.3674201,0.966,-0.01,0.295,0.3999166,0.589,0.328,0.07,-0.04539001,0.128,-0.325,0.122
"2020-03-30 00:45:00",169,0.1615188,0.4,-0.005,0.103,0.5993273,0.826,0.413,0.11,-0.04902284,0.074,-0.195,0.061
"2020-03-30 00:50:00",170,0.1785509,0.451,-0.069,0.14,0.7754125,0.895,0.659,0.055,-0.1724166,-0.092,-0.28,0.036
"2020-03-30 00:55:00",171,0.4293566,0.578,0.276,0.083,0.5608902,0.789,0.242,0.148,-0.1783228,-0.046,-0.272,0.047
"2020-03-30 01:00:00",172,-0.278011,0.434,-1.203,0.602,0.1680954,0.563,-0.376,0.271,0.1068549,0.441,-0.125,0.161
"2020-03-30 01:05:00",173,-0.2004565,0.181,-0.825,0.202,0.03236114,0.192,-0.136,0.078,0.2565886,0.376,0.152,0.043
"2020-03-30 01:10:00",174,0.1698669,0.735,-0.387,0.366,0.07849613,0.174,-0.014,0.045,0.1963882,0.312,0.079,0.054
"2020-03-30 01:15:00",175,-0.4261685,-0.165,-1.195,0.205,-0.2379005,0.052,-1.381,0.382,0.3251526,0.574,0.234,0.06
"2020-03-30 01:20:00",176,-1.133558,-0.271,-1.715,0.462,-1.134612,-0.286,-2.051,0.464,0.7058854,1.027,0.423,0.175
"2020-03-30 01:25:00",177,0.6392322,1.397,-0.269,0.59,-0.1632734,0.334,-0.676,0.317,0.07287668,0.526,-0.389,0.271
"2020-03-30 01:30:00",178,1.231585,1.5,0.874,0.186,0.5349166,0.718,0.315,0.083,-0.2714131,-0.145,-0.439,0.065
"2020-03-30 01:35:00",179,0.7610697,0.936,0.536,0.124,0.909335,1.055,0.688,0.083,-0.3126738,-0.174,-0.401,0.042
"2020-03-30 01:40:00",180,0.316246,0.726,0.028,0.217,0.952194,1.112,0.835,0.059,-0.2771713,-0.182,-0.379,0.04
"2020-03-30 01:45:00",181,0.01934233,0.162,-0.239,0.099,0.5654412,0.891,0.14,0.232,-0.1063402,0.127,-0.264,0.108
"2020-03-30 01:50:00",182,-0.1683282,0.213,-0.444,0.198,0.02007065,0.244,-0.275,0.162,0.2106961,0.378,0.067,0.072
"2020-03-30 01:55:00",183,-0.2601185,-0.012,-0.525,0.157,-0.1482401,0.083,-0.295,0.09,0.3339124,0.464,0.222,0.053
"2020-03-30 02:00:00",184,-0.2662936,0.118,-0.804,0.284,-0.3582288,-0.04,-0.576,0.135,0.3606857,0.462,0.281,0.039
"2020-03-30 02:05:00",185,-0.8773723,-0.616,-1.13,0.122,-0.6271836,-0.321,-1.094,0.205,0.4930659,0.637,0.364,0.055
"2020-03-30 02:10:00",186,-0.3035003,-0.025,-0.63,0.172,-0.2253475,0.053,-0.516,0.14,0.356911,0.504,0.23,0.065
"2020-03-30 02:15:00",187,-0.1004976,0.103,-0.242,0.075,-0.1968331,0.034,-0.535,0.116,0.1922792,0.365,0.022,0.061
"2020-03-30 02:20:00",188,-0.2378547,-0.001,-0.401,0.096,-0.3139227,0.025,-0.824,0.184,0.237439,0.375,0.112,0.063
"2020-03-30 02:25:00",189,-0.2225914,0.038,-0.352,0.112,-0.3759853,-0.127,-0.668,0.115,0.3483052,0.46,0.228,0.042
"2020-03-30 02:30:00",190,0.1422448,0.325,0.011,0.082,-0.1473034,0.117,-0.365,0.124,0.2485621,0.357,0.155,0.043
"2020-03-30 02:35:00",191,0.2596589,0.351,0.145,0.053,0.09983544,0.247,-0.026,0.064,0.112095,0.235,-0.037,0.058
"2020-03-30 02:40:00",192,0.2258818,0.333,0.118,0.056,0.2489736,0.35,0.141,0.051,0.03516862,0.133,-0.034,0.027
"2020-03-30 02:50:00",194,0.2239617,0.484,-0.412,0.29,0.1622968,0.298,-0.262,0.14,0.07855925,0.324,-0.018,0.079
"2020-03-30 02:55:00",195,0.4734396,0.558,0.383,0.045,0.3549764,0.414,0.229,0.05,-0.01289651,0.127,-0.097,0.044
"2020-03-30 03:00:00",196,0.2761145,0.407,0.228,0.032,0.3241937,0.434,0.218,0.056,-0.02624945,0.096,-0.111,0.036
"2020-03-30 03:05:00",197,0.1673235,0.294,0.089,0.045,0.360671,0.439,0.291,0.031,-0.004433573,0.099,-0.066,0.03
"2020-03-30 03:10:00",198,0.08446793,0.228,-0.023,0.059,0.2755572,0.453,0.157,0.068,0.008113859,0.099,-0.066,0.026
"2020-03-30 03:15:00",199,-0.05883474,0.138,-0.245,0.093,0.2611158,0.469,-0.127,0.123,0.011775,0.087,-0.083,0.032
"2020-03-30 03:20:00",200,0.07132869,0.232,-0.139,0.104,0.3075413,0.462,-0.014,0.116,0.09145188,0.181,0.009,0.03
"2020-03-30 03:25:00",201,0.2493697,0.439,-0.005,0.113,0.6144297,0.818,0.309,0.11,-0.04726616,0.116,-0.147,0.049
"2020-03-30 03:30:00",202,0.4417493,0.672,0.226,0.129,0.1874083,0.455,-0.091,0.171,0.05459347,0.204,-0.091,0.066
"2020-03-30 03:35:00",203,0.1829964,0.296,0.1,0.045,0.04623006,0.141,-0.066,0.047,0.2022789,0.298,0.109,0.034
"2020-03-30 03:40:00",204,-0.2242633,0.293,-0.586,0.233,-0.111273,0.056,-0.262,0.071,0.2826858,0.393,0.134,0.038
"2020-03-30 03:45:00",205,-0.03956414,0.164,-0.331,0.118,-0.1585494,-0.044,-0.33,0.068,0.2176595,0.359,0.114,0.044
"2020-03-30 03:50:00",206,0.1226237,0.213,-0.082,0.052,-0.02711191,0.072,-0.099,0.046,0.1565606,0.269,0.046,0.036
"2020-03-30 03:55:00",207,0.07056178,0.224,-0.152,0.098,0.07766288,0.148,0.002,0.035,0.1469784,0.28,0.043,0.047
"2020-03-30 04:00:00",208,0.03243212,0.338,-0.239,0.17,0.1684569,0.266,0.068,0.049,0.1587713,0.275,0.054,0.047
"2020-03-30 04:05:00",209,0.2157397,0.299,0.038,0.054,0.2157341,0.263,0.166,0.023,0.1140143,0.214,0.011,0.045
"2020-03-30 04:10:00",210,0.2578578,0.401,0.113,0.083,0.3130985,0.399,0.218,0.05,0.05328573,0.191,-0.057,0.048
"2020-03-30 04:15:00",211,-0.06871022,0.428,-0.278,0.198,0.3625516,0.506,0.24,0.066,0.01373405,0.122,-0.05,0.028
"2020-03-30 04:20:00",212,0.09023239,0.225,-0.072,0.063,0.2793806,0.521,0.189,0.09,0.05304099,0.178,-0.035,0.042
"2020-03-30 04:25:00",213,-0.0009764694,0.343,-0.159,0.124,0.129875,0.242,0.022,0.054,0.1896469,0.298,0.113,0.034
"2020-03-30 04:30:00",214,0.4417614,0.538,0.191,0.079,0.04441637,0.198,-0.049,0.056,0.1354129,0.256,0,0.053
"2020-03-30 04:35:00",215,0.9625182,1.35,0.477,0.234,0.7162948,1.305,0.175,0.359,0.04983435,0.227,-0.067,0.058
"2020-03-30 04:40:00",216,1.490692,1.913,1.156,0.248,1.66017,1.924,1.287,0.214,-0.07661398,0.052,-0.186,0.056
"2020-03-30 04:45:00",217,2.240591,2.842,1.854,0.327,2.08291,2.414,1.765,0.182,-0.2249221,-0.074,-0.368,0.06
"2020-03-30 04:50:00",218,2.636999,2.859,2.34,0.168,2.500248,2.695,2.334,0.096,-0.2212053,-0.038,-0.347,0.076
"2020-03-30 04:55:00",219,2.510828,2.683,2.335,0.088,2.582143,2.825,2.323,0.126,0.04823556,0.188,-0.095,0.066
"2020-03-30 05:00:00",220,2.399236,2.625,2.07,0.13,2.492771,2.699,2.133,0.132,0.2791378,0.427,0.112,0.069
"2020-03-30 05:05:00",221,1.687473,2.081,1.326,0.221,1.864697,2.232,1.522,0.194,0.4087427,0.507,0.324,0.032
"2020-03-30 05:10:00",222,1.706995,1.904,1.493,0.102,1.251927,1.642,0.9,0.213,0.2972606,0.48,0.143,0.073
"2020-03-30 05:15:00",223,3.571341,5.697,1.89,1.244,2.495663,4.459,0.649,1.113,0.2341345,0.328,0.125,0.045
"2020-03-30 05:20:00",224,7.039295,8.37,5.708,0.734,5.85815,6.931,4.463,0.662,0.1023959,0.365,-0.148,0.109
"2020-03-30 05:25:00",225,9.532568,10.92,8.4,0.745,8.173023,9.61,6.883,0.799,-0.102464,-0.009,-0.195,0.034
"2020-03-30 05:30:00",226,11.89263,14.7,10.82,1.035,10.81924,12.82,9.61,0.871,-0.06063292,0.102,-0.197,0.071
"2020-03-30 05:35:00",227,23.44991,33.78,14.75,5.902,17.44292,24.42,12.13,3.574,0.2535521,0.467,0.03,0.104
"2020-03-30 05:40:00",228,29.02592,34.41,23.73,4.197,25.81349,27.07,24.4,0.716,0.4220483,0.57,0.337,0.041
"2020-03-30 05:45:00",229,29.49157,33.11,23.82,3.335,28.13912,30.25,25.36,1.763,0.4887672,0.619,0.375,0.058
"2020-03-30 05:50:00",230,32.50456,33.59,31.11,0.632,26.31595,28.98,23.49,1.684,0.4003244,0.601,0.21,0.089
"2020-03-30 05:55:00",231,31.37913,34.33,25.4,3.014,24.38641,26,21.41,1.422,0.1606117,0.353,-0.006,0.097
"2020-03-30 06:00:00",232,22.41312,26.09,19.63,2.357,19.56812,21.73,17.56,1.473,-0.1823663,0.148,-0.507,0.185
"2020-03-30 06:05:00",233,23.4317,23.85,22.24,0.415,22.73072,24.38,20.21,1.118,-0.5732436,-0.44,-0.716,0.066
"2020-03-30 06:10:00",234,23.20665,23.58,22.96,0.133,25.87701,27.24,24.39,0.801,-0.3255495,-0.166,-0.469,0.078
"2020-03-30 06:15:00",235,24.56401,25.66,23.61,0.576,28.59818,30.43,27.26,0.911,-0.1565605,-0.064,-0.248,0.037
"2020-03-30 06:20:00",236,28.05621,30.86,25.69,1.718,32.97158,35.62,30.4,1.627,-0.0151915,0.09,-0.106,0.043
"2020-03-30 06:25:00",237,34.98516,38.83,30.91,2.426,40.43765,52.64,35.18,4.569,0.04699496,0.191,-0.084,0.059
"2020-03-30 06:30:00",238,43.08415,46.59,38.86,2.122,48.77183,59.78,40.81,4.931,0.06733434,0.186,-0.044,0.046
"2020-03-30 06:35:00",239,63.84394,87,46.69,11.98,63.00105,82.5,50.15,10.03,0.1382012,0.256,0.048,0.05
"2020-03-30 06:40:00",240,75.06953,92.5,50.57,14.69,75.46791,87.5,56.16,10.72,0.2134513,0.362,-0.026,0.086
"2020-03-30 06:45:00",241,54.0861,63.57,49.64,3.792,56.63502,64.31,53.74,2.914,-0.06160196,0.029,-0.16,0.038
"2020-03-30 06:50:00",242,93.91999,113.4,63.73,16.61,85.7526,99.1,64.43,11.59,0.2329539,0.503,-0.029,0.163
"2020-03-30 06:55:00",243,72.10451,101.1,61.02,11.43,70.2688,92.4,59.18,10.07,0.1897287,0.464,-0.016,0.121
"2020-03-30 07:00:00",244,67.79175,71.53,63.82,2.741,62.77231,64.32,59.65,1.174,0.03892198,0.167,-0.067,0.062
"2020-03-30 07:05:00",245,108.038,164.1,65.9,32.21,107.3618,171.1,63.37,34.92,0.1284546,0.397,-0.065,0.129
"2020-03-30 07:10:00",246,165.3316,171.5,143.2,7.286,185.0866,210.1,163.1,10.4,0.5568328,0.789,0.365,0.101
"2020-03-30 07:15:00",247,90.01539,142.9,61.64,26.1,136.1919,214.7,58.67,56.98,0.2044869,0.47,0.012,0.11
"2020-03-30 07:20:00",248,55.52514,67.66,38.75,11.05,52.8348,62.8,36.59,9.36,-0.1103508,0.105,-0.325,0.099
"2020-03-30 07:25:00",249,46.26146,55.46,38.92,5.884,41.79088,50.08,36.28,4.975,-0.08447844,0.078,-0.205,0.072
"2020-03-30 07:30:00",250,58.37004,65.66,54.98,2.855,51.27524,54.69,49.95,1.111,0.125053,0.219,0.012,0.038
"2020-03-30 07:35:00",251,73.46882,86.5,65.78,6.377,62.91372,71.7,54.77,5.163,0.05144913,0.234,-0.211,0.093
"2020-03-30 07:40:00",252,88.34206,93,81.2,3.635,76.51523,78.8,71.73,2.011,-0.158909,-0.001,-0.333,0.065
"2020-03-30 07:45:00",253,82.15547,94.6,79.34,3.952,81.63381,103.2,76.44,6.989,-0.1246171,-0.004,-0.276,0.049
"2020-03-30 07:50:00",254,126.6363,186.1,89.1,32,148.7368,227.3,96.6,44.5,0.03065184,0.232,-0.128,0.075
"2020-03-30 07:55:00",255,238.0223,311.4,130.9,74.9,272.7502,373.9,126.4,101.1,0.4196955,0.893,-0.093,0.323
"2020-03-30 08:00:00",256,226.0722,309,112.6,70.76,280.3474,374,135.3,89.9,0.5564962,0.981,-0.249,0.382
"2020-03-30 08:05:00",257,87.53934,112.4,73.7,10.96,106.8318,135,89.5,13.24,-0.4837882,-0.125,-0.768,0.192
"2020-03-30 08:10:00",258,69.24379,73.67,67.4,1.615,83.52409,89.5,80.9,2.411,-0.5916926,-0.406,-0.734,0.083
"2020-03-30 08:15:00",259,71.8363,82.6,67.33,4.218,88.69824,105.5,81.1,7.06,-0.6510392,-0.462,-0.871,0.073
"2020-03-30 08:20:00",260,157.7403,254.4,82.8,63.63,238.0121,417.1,105.7,116.4,-0.0254287,0.963,-0.636,0.542
"2020-03-30 08:25:00",261,280.4395,320.7,165.6,37.78,446.0838,515.5,228.5,68.05,1.148704,1.578,0.474,0.228
"2020-03-30 08:30:00",262,293.737,336.6,171.6,54.33,462.1769,547.1,218.5,105.7,0.9733626,1.484,-0.49,0.533
"2020-03-30 08:35:00",263,256.2047,388.6,176,81.9,349.614,593.4,213.8,148.8,-0.1185207,1.306,-0.89,0.663
"2020-03-30 08:40:00",264,212.8686,362.8,172.3,53.32,251.0936,543.9,169.7,104.7,-0.3576666,1.376,-0.976,0.542
"2020-03-30 08:45:00",265,136.512,327.7,65.9,62.74,155.7511,483.9,64.5,97,-0.1551318,0.795,-0.686,0.406
"2020-03-30 08:50:00",266,46.79637,65.71,34.56,8.74,46.27468,64.32,33.46,9.01,-0.5401242,-0.358,-0.754,0.086
"2020-03-30 08:55:00",267,34.853,37.54,27.82,2.26,32.22239,34.38,25.55,2.178,-0.3630401,-0.176,-0.517,0.075
"2020-03-30 09:00:00",268,36.714,71.61,23.71,13.34,34.00871,64.61,22.71,11.69,-0.409438,-0.245,-0.537,0.072
"2020-03-30 09:05:00",269,153.0746,185.1,72.15,36.81,143.321,183.6,65.1,37.42,0.06691522,0.435,-0.397,0.252
"2020-03-30 09:10:00",270,233.5413,329.7,175.8,52.69,245.0766,420.9,175.3,81.3,0.4287738,0.872,0.177,0.216
"2020-03-30 09:15:00",271,194.6025,324.7,95.2,67.33,251.6441,428.6,126.3,84,0.3104578,1.003,-0.31,0.36
"2020-03-30 09:20:00",272,59.75183,94.7,45.63,14.28,71.14962,125.6,46.87,22.37,-0.4246751,-0.107,-0.641,0.115
"2020-03-30 09:25:00",273,58.68762,66.16,47.81,5.838,56.03366,66.74,46.91,6.283,-0.1187781,0.031,-0.256,0.068
"2020-03-30 09:30:00",274,72.2796,83.2,66.19,4.837,72.8663,79.04,66.8,3.57,0.1336761,0.377,-0.021,0.104
"2020-03-30 09:35:00",275,111.688,131.6,83.4,15.52,97.53352,124.6,79.1,13.48,0.0859699,0.248,-0.075,0.066
"2020-03-30 09:40:00",276,170.132,254.4,131.8,43.19,224.4494,438.3,125,104.8,0.356862,0.793,0.134,0.2
"2020-03-30 09:45:00",277,283.6011,308,255.8,12.57,550.1181,636.6,442.1,46.47,1.057229,1.359,0.726,0.138
"2020-03-30 09:50:00",278,316.9107,335.3,246.4,14.4,680.0857,733.3,506.3,39.26,1.319454,1.624,0.958,0.154
"2020-03-30 09:55:00",279,359.5501,404.1,291.5,21.68,781.1515,867,594.1,42.09,1.019458,1.337,0.733,0.144
"2020-03-30 10:00:00",280,237.0106,394.9,117.6,90.6,506.1279,889,228.7,218.3,-0.3246561,1.105,-0.98,0.484
"2020-03-30 10:05:00",281,371.1302,431.2,204.9,55.52,780.3634,910,329,142.6,0.1260205,0.89,-0.829,0.42
"2020-03-30 10:10:00",282,330.8235,469.7,213.5,91.7,613.6908,961,315.5,232.9,-0.5236455,0.221,-1.142,0.364
"2020-03-30 10:15:00",283,448.3244,581.2,352.4,48.16,839.1125,1024,549.4,138.4,0.4239375,1.022,0.014,0.285
USR:Datatable5min357.dat"2020-03-30 10:30:00",286,85.76951,92.2,73.11,4.901,101.3915,115.1,84.5,7.984,-1.285226,-0.689,-1.807,0.276
"2020-03-30 10:35:00",287,69.39524,78.99,64.09,4.17,72.23915,84.3,67.62,4.422,-0.9425142,-0.218,-1.317,0.244
"2020-03-30 10:40:00",288,76.93339,83.2,68.98,5.049,68.65851,75.27,61.25,5.096,-0.478347,0.59,-1.079,0.376
"2020-03-30 10:45:00",289,113.2176,192.8,69.45,38.64,100.0217,171.1,61.63,34.1,-0.02758795,0.751,-0.242,0.228
"2020-03-30 10:50:00",290,249.3061,326.2,193.4,32.75,274.6432,456.2,171.8,65.66,0.1019741,0.412,-0.236,0.184
"2020-03-30 10:55:00",291,152.8326,209.6,132.1,19.23,205.8954,262.7,178.7,19.99,0.01334247,0.225,-0.231,0.106
"2020-03-30 11:00:00",292,154.426,259,124.5,33.14,177.9236,353.2,149.1,37.43,-0.1296685,0.592,-0.454,0.188
"2020-03-30 11:05:00",293,356.7028,571.9,235,102.9,594.2641,1121,280.7,255.1,0.4707759,1.428,0.008,0.388
"2020-03-30 11:10:00",294,287.6603,567.3,181.6,93.2,376.1078,1043,188.4,196.3,0.3328378,1.516,-0.545,0.584
"2020-03-30 11:15:00",295,166.1157,181.5,145.6,9.29,155.8743,188.1,129.2,18.15,-0.2567558,-0.04,-0.473,0.112
"2020-03-30 11:20:00",296,112.6036,145.3,102.6,12.3,118.1086,130,111.1,5.228,-1.178465,-0.354,-1.744,0.447
"2020-03-30 11:25:00",297,197.9355,428.3,108.1,89.1,341.233,954,130.3,235.4,-0.7275986,0.417,-1.654,0.559
"2020-03-30 11:30:00",298,220.6779,356.6,179.1,34.48,271.1035,489.7,212.8,61.1,-0.3135587,-0.021,-0.616,0.132
"2020-03-30 11:35:00",299,360.5076,586.2,215.2,86.2,468.3234,1016,268.2,195.9,0.6722096,1.481,0.093,0.374
"2020-03-30 11:40:00",300,127.6023,223.3,73.25,43.7,161.8237,318.3,91.9,60.83,-0.5464386,0.335,-0.889,0.24
"2020-03-30 11:45:00",301,59.05789,73.08,48.84,6.178,68.4401,91.7,49.63,11.58,-0.754325,-0.502,-1.038,0.125
"2020-03-30 11:50:00",302,42.72118,48.76,40.04,2.339,41.90541,49.51,39.25,2.694,-0.5057804,-0.274,-0.665,0.087
"2020-03-30 11:55:00",303,52.54855,64.44,45.5,4.76,49.82414,59.42,43.6,3.745,-0.08525444,0.06,-0.281,0.081
"2020-03-30 12:00:00",304,75.76759,79.62,64.63,3.994,71.63583,76.53,59.56,4.819,-0.02784152,0.118,-0.135,0.061
"2020-03-30 12:05:00",305,99.42626,142.3,76.79,20.43,92.11002,129.7,73.83,17.17,0.1103885,0.394,-0.064,0.106
"2020-03-30 12:10:00",306,176.8831,200,142.7,14.36,160.2365,182.2,130.1,13.32,0.3964217,0.54,0.255,0.059
"2020-03-30 12:15:00",307,283.3463,450.2,200.3,63.14,303.0541,674.7,182.4,120.2,0.6193354,0.806,0.318,0.102
"2020-03-30 12:20:00",308,482.2756,515.8,451.9,14.96,800.4497,859,681,33.66,-0.1824733,0.516,-1.294,0.583
"2020-03-30 12:25:00",309,382.9137,478.3,273.3,74.48,656.1745,851,438,151.7,-1.254155,-0.98,-1.597,0.117
"2020-03-30 12:30:00",310,149.6264,272.5,102.3,45.23,184.7109,439.3,93.8,91,-1.104686,0.037,-1.763,0.561
"2020-03-30 12:35:00",311,104.0233,107.1,101.6,1.905,93.79038,96.1,91.9,1.124,-0.3370451,-0.037,-0.683,0.162
"2020-03-30 12:40:00",312,123.7486,181.9,103,22.12,116.4094,191.6,92.6,26.78,-0.5328234,-0.135,-0.964,0.195
"2020-03-30 12:45:00",313,240.5593,283.7,182.8,24.81,319.4266,426.2,192.9,59.55,-0.204886,0.149,-0.531,0.146
"2020-03-30 12:50:00",314,248.236,344.5,215.4,37.22,374.1544,629.6,281.9,99.1,0.06606453,0.51,-0.303,0.221
"2020-03-30 12:55:00",315,269.7914,315,227.4,21.62,457.4908,615.4,339.8,69.83,-0.08876954,0.504,-0.524,0.239
"2020-03-30 13:00:00",316,333.1532,373,255.6,25.94,730.7962,867,461.2,93.7,-0.6719592,-0.269,-1.113,0.256
"2020-03-30 13:05:00",317,364.2621,423.2,221.7,54.78,858.0864,1034,455.9,155.5,-1.104452,-0.69,-1.498,0.219
"2020-03-30 13:10:00",318,372.3358,482.4,205,100.5,784.3816,1070,353.4,246,-1.014673,-0.565,-1.481,0.21
"2020-03-30 13:15:00",319,385.4204,481.4,259,69.96,426.2954,668.8,363,35.98,-1.01379,-0.302,-1.817,0.416
"2020-03-30 13:20:00",320,259.1448,465,163.9,87,282.86,435.2,174.9,86.7,-1.093251,-0.686,-1.582,0.217
"2020-03-30 13:25:00",321,133.7293,163.7,104.9,20.23,132.5463,174.7,97,24.81,-0.6739857,-0.208,-1.507,0.342
"2020-03-30 13:30:00",322,117.2414,138.4,104.9,11.31,105.9083,118.9,96.6,8.18,-0.5041082,-0.217,-0.863,0.154
"2020-03-30 13:35:00",323,115.887,141.3,84.2,19.52,99.47014,120.9,72.32,16.63,-0.3241748,0.017,-0.601,0.155
"2020-03-30 13:40:00",324,79.99202,84.1,77.27,1.658,66.90674,72.17,63.98,1.99,-0.3928144,-0.057,-0.656,0.143
"2020-03-30 13:45:00",325,109.8985,122.9,83.5,13.46,90.82918,104.5,69.76,11.28,0.01840008,0.209,-0.142,0.082
"2020-03-30 13:50:00",326,126.2454,130.7,119.5,3.026,110.7008,115.1,104.4,3.392,-0.2591258,0.065,-0.466,0.113
"2020-03-30 13:55:00",327,97.56937,119.3,88.5,9.03,86.82864,104.3,79.41,7.511,-0.2636621,-0.083,-0.464,0.085
"2020-03-30 14:00:00",328,84.49894,88.4,76.78,2.917,75.26098,79.4,68.96,2.657,-0.2812431,-0.083,-0.448,0.085
"2020-03-30 14:05:00",329,64.02178,76.72,56.01,6.55,58.35226,68.9,51.33,5.609,-0.2255974,-0.075,-0.383,0.067
"2020-03-30 14:10:00",330,59.77925,62.95,56.2,2.114,53.73118,56.14,51.55,1.586,-0.2260173,-0.042,-0.373,0.064
"2020-03-30 14:15:00",331,71.12405,86,62.56,7.261,64.90014,79.25,56.06,7.087,-0.1177288,0.124,-0.328,0.114
"2020-03-30 14:20:00",332,113.7469,146.6,86.1,17.81,109.1151,142.8,79.4,18.71,0.02836936,0.181,-0.185,0.092
"2020-03-30 14:25:00",333,170.0935,188.6,147,10.93,178.5264,220.9,143.3,20.34,-0.09810745,0.116,-0.404,0.118
"2020-03-30 14:30:00",334,224.6536,247.7,188.8,20,391.6629,511.3,221.6,96.2,-0.0619112,0.141,-0.355,0.114
"2020-03-30 14:35:00",335,255.252,260.8,247.4,2.876,546.3086,564.6,511.1,12,-0.2668111,-0.072,-0.553,0.109
"2020-03-30 14:40:00",336,250.2229,267.2,208.3,15.24,527.8489,583.6,391,50.5,0.09462555,0.494,-0.124,0.165
"2020-03-30 14:45:00",337,194.0277,242.7,163.5,30.35,344.0877,501.7,245.1,99.4,-0.1006816,0.242,-0.541,0.223
"2020-03-30 14:50:00",338,210.4196,219.9,180.6,9.12,371.0612,389.9,290,23.41,-0.3165311,-0.154,-0.482,0.067
"2020-03-30 14:55:00",339,216.063,222.6,206.3,4.138,399.5679,421.5,365.7,13.95,-0.4020454,-0.099,-0.632,0.124
"2020-03-30 15:00:00",340,212.5762,221.5,208.2,4.001,390.2114,418.6,376.9,12.93,-0.2719266,-0.075,-0.496,0.092
"2020-03-30 15:05:00",341,204.859,212.2,197.5,4.393,347.0471,385.6,300.6,25.84,0.09200098,0.312,-0.167,0.087
"2020-03-30 15:10:00",342,183.0081,197.4,160.4,11.21,264.9193,300.1,218.9,22.69,-0.1985401,0.172,-0.605,0.203
"2020-03-30 15:15:00",343,147.9598,160.3,136.3,6.744,197.0798,218.7,174.9,12.33,-0.3791046,-0.145,-0.657,0.109
"2020-03-30 15:20:00",344,127.8635,136.2,118.8,5.111,158.4581,174.6,138.2,10.52,-0.4276856,-0.26,-0.545,0.069
"2020-03-30 15:25:00",345,112.3031,118.7,101.3,4.946,123.7321,138.1,105.1,9.3,-0.2029364,-0.052,-0.403,0.094
"2020-03-30 15:30:00",346,91.61433,101.2,87.6,4.102,94.20584,105,88.8,4.501,-0.05915461,0.065,-0.171,0.051
"2020-03-30 15:35:00",347,85.45498,88.9,75.86,3.888,79.36738,88.8,65.64,7.045,0.122233,0.228,0.028,0.034
"2020-03-30 15:40:00",348,63.4481,75.78,52.44,6.426,55.05529,65.53,45.93,5.275,-0.04486643,0.164,-0.204,0.083
"2020-03-30 15:45:00",349,49.20666,53.85,47.28,1.75,44.44003,48.18,43.06,1.21,-0.02200452,0.087,-0.149,0.051
"2020-03-30 15:50:00",350,62.52518,65.07,54.01,2.639,52.172,53.12,48.26,1.059,-0.06212491,0.051,-0.181,0.038
"2020-03-30 15:55:00",351,67.73064,78.79,60.86,4.981,60.36275,70.42,52.84,4.761,-0.07628909,0.063,-0.209,0.056
"2020-03-30 16:00:00",352,86.40948,92.7,78.86,4.184,78.70542,84.4,70.46,4.205,-0.1161716,0.103,-0.327,0.094
"2020-03-30 16:05:00",353,93.94146,96.6,88.8,2.238,87.30049,89.7,81.8,2.383,-0.1041708,0.043,-0.262,0.071
"2020-03-30 16:10:00",354,91.00321,94.7,88.7,2.091,85.93523,89.5,83.7,2.083,-0.04590244,0.052,-0.155,0.043
"2020-03-30 16:15:00",355,90.79058,92.1,89.4,0.704,85.15917,85.8,84.7,0.358,0.0386266,0.166,-0.037,0.034
"2020-03-30 16:20:00",356,89.36751,92.1,86,1.935,81.39957,85.7,77.63,2.509,0.004637934,0.108,-0.108,0.038
"2020-03-30 16:25:00",357,81.71766,86.9,74.55,3.681,71.64074,78.6,63.41,4.702,-0.04777856,0.118,-0.178,0.061
"2020-03-30 16:30:00",358,68.11077,74.52,61.54,3.595,58.51908,63.36,55.7,2.202,0.01572791,0.174,-0.084,0.06
"2020-03-30 16:35:00",359,53.58929,61.51,46.03,4.599,51.81462,55.69,46.99,2.73,-0.00744282,0.145,-0.102,0.047
"2020-03-30 16:40:00",360,41.62239,46,38.91,2.101,43.80443,46.93,41.96,1.514,0.003690626,0.114,-0.083,0.038
"2020-03-30 16:45:00",361,40.22632,43.18,38.81,1.347,42.42413,43.59,41.86,0.489,-0.001486203,0.11,-0.09,0.036
"2020-03-30 16:50:00",362,45.19541,45.9,43.22,0.702,43.62559,44.18,42.49,0.493,0.09548126,0.189,0.012,0.034
"2020-03-30 16:55:00",363,43.91758,45.15,42.01,0.919,40.92376,42.48,38.84,1.046,0.1611331,0.245,0.09,0.024
"2020-03-30 17:00:00",364,38.92479,42.03,36.43,1.7,35.77414,38.83,33.61,1.641,0.1031026,0.216,-0.016,0.039
"2020-03-30 17:05:00",365,37.51886,39.41,36.26,0.969,34.56713,35.71,33.54,0.636,0.08698306,0.157,0.016,0.026
"2020-03-30 17:10:00",366,39.34066,40.44,37.02,1.029,34.6572,36.01,32.13,1.251,0.09551114,0.159,0.003,0.028
"2020-03-30 17:15:00",367,34.80741,37.04,33.72,1.051,30.04498,32.14,29,0.949,0.1135559,0.179,0.032,0.026
"2020-03-30 17:20:00",368,34.13336,34.65,33.5,0.381,28.9812,29.56,28.43,0.322,0.1599894,0.256,0.065,0.038
"2020-03-30 17:25:00",369,33.93186,35.19,31.53,1.013,28.91816,29.99,27.04,0.807,0.06858054,0.162,-0.039,0.039
"2020-03-30 17:30:00",370,28.91115,31.53,27.12,1.325,25.52768,27.08,24.35,0.873,0.04072698,0.118,-0.038,0.03
"2020-03-30 17:35:00",371,25.41132,27.16,23.57,1.15,22.58578,24.52,20.52,1.182,0.05995668,0.134,-0.036,0.028
"2020-03-30 17:40:00",372,20.58108,23.58,18.48,1.73,18.83644,20.59,17.72,0.942,0.08426118,0.153,0.008,0.028
"2020-03-30 17:45:00",373,18.95149,19.68,18.53,0.3,17.43417,18.13,16.69,0.361,0.07961242,0.171,0.006,0.031
"2020-03-30 17:50:00",374,19.1635,20.39,17.34,1.076,16.68579,18.02,15.08,1.006,0.05793492,0.133,-0.019,0.025
"2020-03-30 17:55:00",375,15.7306,17.36,15,0.713,13.74151,15.06,12.99,0.556,0.0682101,0.169,0.001,0.027
"2020-03-30 18:00:00",376,13.07956,15.33,11.73,1.243,11.19341,12.98,10.28,0.718,0.09386632,0.212,0.014,0.036
"2020-03-30 18:05:00",377,12.49518,12.86,11.87,0.275,10.98568,11.48,10.04,0.36,0.04512654,0.186,-0.045,0.048
"2020-03-30 18:10:00",378,10.22434,11.9,8.7,0.967,8.612294,10.02,7.257,0.825,0.08712447,0.204,0.009,0.036
"2020-03-30 18:20:00",380,6.894311,7.708,5.717,0.539,5.894519,6.973,4.846,0.629,0.1213654,0.266,-0.003,0.056
"2020-03-30 18:25:00",381,5.475214,5.737,5.289,0.122,5.029244,5.303,4.662,0.145,0.1698705,0.284,0.061,0.036
"2020-03-30 18:30:00",382,5.280553,5.669,4.487,0.353,4.624302,5.334,3.67,0.433,0.07494683,0.166,-0.019,0.039
"2020-03-30 18:35:00",383,3.807404,4.527,3.144,0.409,3.379174,4.22,2.776,0.362,0.1109161,0.198,0.018,0.034
"2020-03-30 18:40:00",384,2.942919,3.201,2.568,0.164,2.724557,3.105,2.1,0.277,0.05216892,0.15,-0.064,0.05
"2020-03-30 18:45:00",385,2.307947,2.638,2.031,0.143,2.058295,2.591,1.648,0.236,0.0350783,0.155,-0.068,0.05
"2020-03-30 18:50:00",386,1.908491,2.18,1.559,0.171,1.697131,2.187,1.114,0.234,-0.01592466,0.078,-0.1,0.035
"2020-03-30 18:55:00",387,1.340579,1.569,1.122,0.133,1.235082,1.564,0.802,0.182,0.05653731,0.156,-0.014,0.032
"2020-03-30 19:00:00",388,0.889245,1.164,0.628,0.106,0.7857715,1.219,0.243,0.242,0.1134164,0.216,0.025,0.046
"2020-03-30 19:05:00",389,0.6019273,0.727,0.396,0.08,0.6068949,1.05,0.151,0.211,0.1395313,0.246,0.041,0.044
"2020-03-30 19:10:00",390,0.4836242,0.622,0.348,0.07,0.497613,0.908,-0.06,0.261,0.1179409,0.242,-0.006,0.041
"2020-03-30 19:15:00",391,0.3858924,0.49,0.241,0.062,0.4247396,0.878,-0.234,0.256,0.08208598,0.218,-0.011,0.044
"2020-03-30 19:20:00",392,0.2449692,0.365,0.154,0.054,0.3322027,0.914,-0.298,0.287,0.1109788,0.263,-0.022,0.066
"2020-03-30 19:25:00",393,0.1853021,0.389,0.026,0.085,0.187352,0.78,-0.257,0.274,0.1231949,0.23,-0.026,0.06
"2020-03-30 19:30:00",394,0.1419375,0.24,0.05,0.04,0.1526126,0.69,-0.31,0.245,0.1302854,0.249,-0.012,0.059
"2020-03-30 19:35:00",395,0.1855453,0.352,0.038,0.072,0.2180475,0.763,-0.271,0.251,0.09474024,0.225,-0.047,0.062
"2020-03-30 19:40:00",396,0.06002241,0.183,-0.114,0.074,0.09478175,0.632,-0.701,0.334,0.1398903,0.279,0.015,0.063
"2020-03-30 19:45:00",397,0.06833036,0.238,-0.027,0.071,0.1202939,0.711,-0.296,0.236,0.1273484,0.244,-0.025,0.055
"2020-03-30 19:50:00",398,0.05334597,0.124,-0.05,0.041,0.1740859,0.648,-0.336,0.211,0.1167902,0.222,0.025,0.041
"2020-03-30 19:55:00",399,0.00156872,0.187,-0.134,0.081,0.003518474,0.566,-0.666,0.307,0.1528615,0.32,-0.007,0.068
"2020-03-30 20:00:00",400,-0.01717844,0.153,-0.138,0.066,0.08416162,0.599,-0.602,0.276,0.1596124,0.278,-0.003,0.062
"2020-03-30 20:05:00",401,0.1192467,0.276,0.022,0.074,0.2161718,0.731,-0.249,0.247,0.09919268,0.212,-0.015,0.049
"2020-03-30 20:10:00",402,-0.09554906,0.048,-0.208,0.054,-0.1180051,0.377,-0.625,0.24,0.1951641,0.309,0.032,0.046
"2020-03-30 20:15:00",403,0.01308343,0.306,-0.146,0.103,0.116754,0.717,-0.566,0.333,0.1239889,0.24,-0.042,0.065
"2020-03-30 20:20:00",404,0.05527528,0.2,-0.147,0.088,0.1418884,0.654,-0.625,0.292,0.1229989,0.306,-0.003,0.065
"2020-03-30 20:25:00",405,-0.04523652,0.384,-0.568,0.251,0.03366431,0.95,-1.376,0.559,0.1857449,0.53,-0.056,0.142
"2020-03-30 20:30:00",406,0.08449485,0.306,-0.003,0.055,0.07295528,0.462,-0.326,0.176,0.09671668,0.196,-0.002,0.032
"2020-03-30 20:35:00",407,0.09862514,0.249,-0.121,0.095,0.1391075,0.641,-0.563,0.3,0.09099107,0.269,-0.054,0.068
"2020-03-30 20:40:00",408,-0.03215407,0.161,-0.21,0.087,-0.01841538,0.571,-0.648,0.302,0.1794919,0.318,0.02,0.06
"2020-03-30 20:45:00",409,-0.05368569,0.102,-0.224,0.076,-0.1349036,0.392,-1.048,0.322,0.2053344,0.339,0.07,0.056
"2020-03-30 20:50:00",410,-0.01474598,0.134,-0.129,0.062,-0.02155792,0.456,-0.906,0.302,0.1682317,0.345,0.033,0.063
"2020-03-30 20:55:00",411,0.1646591,0.28,-0.005,0.064,0.2043836,0.67,-0.282,0.213,0.07261739,0.193,-0.052,0.05
"2020-03-30 21:00:00",412,0.0882007,0.239,-0.138,0.101,0.1440696,0.625,-0.482,0.231,0.1163208,0.29,0.009,0.054
"2020-03-30 21:05:00",413,-0.1940898,-0.021,-0.408,0.085,-0.08980296,0.424,-1.012,0.293,0.1958723,0.338,0.074,0.053
"2020-03-30 21:10:00",414,0.04978456,0.242,-0.199,0.099,0.1818088,0.799,-0.252,0.247,0.1465792,0.297,0.033,0.054
"2020-03-30 21:15:00",415,-0.1607297,0.069,-0.317,0.099,-0.1337732,0.441,-0.56,0.249,0.2241666,0.346,0.085,0.052
"2020-03-30 21:20:00",416,-0.1556347,0.045,-0.442,0.135,0.006274586,0.563,-0.709,0.307,0.2133894,0.39,0.087,0.068
"2020-03-30 21:25:00",417,-0.01841219,0.224,-0.262,0.128,0.008088618,0.574,-0.772,0.359,0.167001,0.332,0.032,0.06
"2020-03-30 21:30:00",418,-0.1203095,0.052,-0.324,0.095,0.04148794,0.637,-0.612,0.29,0.1942064,0.325,0.062,0.05
"2020-03-30 21:35:00",419,0.05694923,0.248,-0.156,0.12,0.00904753,0.437,-0.437,0.214,0.1717846,0.275,0.051,0.043
"2020-03-30 21:40:00",420,0.1041019,0.259,-0.097,0.082,-0.03635398,0.361,-0.487,0.195,0.1481532,0.249,0.03,0.034
"2020-03-30 21:45:00",421,-0.02950856,0.137,-0.177,0.067,0.02427207,0.696,-0.8,0.288,0.128603,0.265,-0.014,0.051
"2020-03-30 21:50:00",422,-0.03576801,0.183,-0.211,0.1,-0.1754753,0.592,-0.904,0.377,0.2013203,0.382,0.022,0.091
"2020-03-30 21:55:00",423,-0.00016443,0.187,-0.187,0.089,0.1264972,0.658,-0.47,0.253,0.137782,0.27,-0.004,0.056
"2020-03-30 22:00:00",424,-0.3041875,-0.052,-0.47,0.092,-0.1938987,0.483,-0.7,0.277,0.2211262,0.388,0.075,0.058
"2020-03-30 22:05:00",425,0.1501519,0.444,-0.114,0.161,0.1869118,0.932,-0.625,0.374,0.08360738,0.286,-0.096,0.089
"2020-03-30 22:10:00",426,-0.1096131,0.154,-0.375,0.114,-0.0534089,0.408,-0.827,0.289,0.1427566,0.328,-0.011,0.068
"2020-03-30 22:15:00",427,-0.05538142,0.285,-0.332,0.163,0.05455663,0.847,-0.834,0.34,0.1591743,0.326,0.006,0.067
"2020-03-30 22:20:00",428,0.1844956,0.539,-0.197,0.166,0.2847544,0.835,-0.152,0.192,0.08458924,0.236,-0.068,0.05
"2020-03-30 22:25:00",429,0.1875543,0.489,0.026,0.107,0.2020486,0.607,-0.251,0.191,0.05408876,0.168,-0.032,0.045
"2020-03-30 22:30:00",430,0.01616756,0.231,-0.246,0.113,0.05339164,0.551,-0.405,0.255,0.114653,0.255,-0.011,0.051
"2020-03-30 22:35:00",431,0.2132734,0.529,-0.112,0.185,0.1665616,0.632,-0.255,0.249,0.03436989,0.215,-0.095,0.081
"2020-03-30 22:40:00",432,-0.07600791,0.114,-0.304,0.095,0.04521833,0.481,-0.5,0.217,0.1612882,0.295,0.044,0.049
"2020-03-30 22:45:00",433,-0.1072517,0.11,-0.31,0.121,-0.1394979,0.468,-1.06,0.34,0.2013513,0.36,0.074,0.061
"2020-03-30 22:50:00",434,-0.1956651,-0.024,-0.346,0.069,-0.1304092,0.468,-0.689,0.268,0.2099795,0.341,0.092,0.047
"2020-03-30 22:55:00",435,0.0111053,0.224,-0.153,0.1,0.1214628,0.641,-0.529,0.256,0.1366318,0.242,0.031,0.039
"2020-03-30 23:00:00",436,0.01200272,0.352,-0.206,0.157,0.006598539,0.591,-0.786,0.284,0.1497706,0.345,-0.031,0.083
"2020-03-30 23:05:00",437,-0.001187016,0.292,-0.298,0.181,0.0395066,0.66,-0.652,0.343,0.1668254,0.307,0.042,0.074
"2020-03-30 23:10:00",438,-0.1917211,0.039,-0.382,0.11,-0.125042,0.408,-0.899,0.284,0.2292603,0.353,0.123,0.052
"2020-03-30 23:15:00",439,-0.00708194,0.156,-0.192,0.1,-0.07407887,0.371,-0.638,0.199,0.1659787,0.33,0.038,0.06
"2020-03-30 23:20:00",440,0.1287933,0.365,-0.18,0.148,0.1900136,0.637,-0.381,0.21,0.1144221,0.293,-0.008,0.054
"2020-03-30 23:25:00",441,0.4094519,0.66,0.122,0.169,0.4118164,0.786,-0.364,0.318,-0.07518682,0.134,-0.208,0.095
"2020-03-30 23:30:00",442,0.6650162,0.87,0.507,0.092,0.6719626,0.888,0.224,0.167,-0.1678734,-0.068,-0.254,0.034
"2020-03-30 23:35:00",443,0.7027764,0.958,0.351,0.195,0.6420752,0.925,0.242,0.207,-0.2413839,-0.043,-0.397,0.096
"2020-03-30 23:40:00",444,0.2936618,0.423,0.15,0.067,0.3023263,0.518,0.037,0.125,-0.04715829,0.04,-0.121,0.031
"2020-03-30 23:45:00",445,0.1835479,0.417,0.031,0.112,0.198483,0.547,-0.147,0.177,0.04493835,0.152,-0.101,0.056
"2020-03-30 23:50:00",446,0.3114997,0.671,-0.014,0.227,0.3810714,0.861,-0.003,0.217,-0.01528634,0.189,-0.241,0.131
"2020-03-30 23:55:00",447,0.4423942,0.622,0.328,0.077,0.4384259,0.727,0.182,0.128,-0.0928353,0.035,-0.252,0.049
"2020-03-31 00:00:00",448,0.6003664,0.712,0.435,0.06,0.5800992,0.73,0.355,0.093,-0.1698062,-0.027,-0.32,0.054
"2020-03-31 00:05:00",449,0.4003452,0.468,0.327,0.028,0.3969461,0.512,0.287,0.049,-0.05729373,0.015,-0.129,0.028
"2020-03-31 00:10:00",450,0.4417447,0.559,0.277,0.07,0.436115,0.595,0.253,0.089,-0.07926662,0.055,-0.217,0.06
"2020-03-31 00:15:00",451,0.0775509,0.334,-0.083,0.135,0.04468428,0.292,-0.201,0.131,0.1157824,0.274,-0.034,0.066
"2020-03-31 00:20:00",452,0.1855231,0.28,-0.006,0.072,0.1897815,0.31,-0.01,0.071,0.06331775,0.198,-0.044,0.037
"2020-03-31 00:25:00",453,-0.0008769654,0.171,-0.098,0.059,0.02265979,0.151,-0.201,0.075,0.1744108,0.273,0.09,0.034
"2020-03-31 00:30:00",454,0.05031314,0.325,-0.166,0.167,0.1016052,0.428,-0.164,0.175,0.1346381,0.284,-0.039,0.091
"2020-03-31 00:35:00",455,0.2436408,0.304,0.171,0.028,0.2665783,0.394,0.188,0.044,0.03163488,0.111,-0.083,0.032
"2020-03-31 00:40:00",456,0.1088836,0.293,-0.006,0.077,0.1122906,0.272,-0.074,0.096,0.1167243,0.221,0,0.048
"2020-03-31 00:45:00",457,-0.0257158,0.206,-0.217,0.133,-0.002155055,0.202,-0.298,0.109,0.1881153,0.314,0.035,0.065
"2020-03-31 00:50:00",458,-0.02412959,0.088,-0.161,0.067,-0.007311006,0.135,-0.274,0.106,0.203358,0.329,0.105,0.053
"2020-03-31 00:55:00",459,-0.0660856,0.025,-0.127,0.036,-0.0509039,0.067,-0.222,0.054,0.2057943,0.327,0.135,0.025
"2020-03-31 01:00:00",460,-0.129567,0.027,-0.238,0.056,-0.10545,0.219,-0.395,0.153,0.2504703,0.401,0.075,0.067
"2020-03-31 01:05:00",461,0.1148386,0.224,0.019,0.043,0.1808316,0.292,0.091,0.045,0.1086978,0.184,0.017,0.031
"2020-03-31 01:10:00",462,0.2449066,0.458,-0.033,0.146,0.2437665,0.474,-0.035,0.164,0.04605328,0.242,-0.087,0.086
"2020-03-31 01:15:00",463,-0.001050987,0.156,-0.107,0.083,0.03939103,0.267,-0.324,0.121,0.1612044,0.302,0.023,0.055
"2020-03-31 01:20:00",464,-0.06449185,0.015,-0.155,0.042,-0.05571464,0.161,-0.205,0.082,0.2002411,0.304,0.105,0.037
"2020-03-31 01:25:00",465,-0.08019219,0.094,-0.239,0.081,-0.05879384,0.258,-0.478,0.187,0.2275209,0.375,0.051,0.076
"2020-03-31 01:30:00",466,-0.1524758,0.11,-0.445,0.225,-0.1927139,0.261,-0.95,0.282,0.2862563,0.57,0.08,0.129
"2020-03-31 01:35:00",467,-0.2216458,-0.09,-0.452,0.096,-0.1635838,0.107,-0.628,0.173,0.2859842,0.486,0.144,0.075
"2020-03-31 01:40:00",468,-0.07861897,0.021,-0.202,0.059,-0.0180553,0.16,-0.258,0.107,0.2000275,0.335,0.048,0.047
"2020-03-31 01:45:00",469,0.08110742,0.16,-0.036,0.055,0.1305057,0.247,-0.048,0.071,0.1162907,0.246,0.03,0.04
"2020-03-31 01:50:00",470,0.1742224,0.284,0.082,0.057,0.2246242,0.495,-0.289,0.145,0.06459945,0.222,-0.07,0.053
"2020-03-31 01:55:00",471,0.05936168,0.287,-0.09,0.101,0.08655353,0.309,-0.159,0.12,0.1158579,0.277,-0.035,0.068
"2020-03-31 02:00:00",472,-0.1656148,0.17,-0.506,0.216,-0.2165729,0.293,-1.072,0.314,0.2765459,0.621,0.037,0.14
"2020-03-31 02:05:00",473,-0.02945348,0.297,-0.431,0.198,0.09327411,0.401,-0.353,0.204,0.1813655,0.394,-0.021,0.101
USR:Datatable5min547.dat"2020-03-31 02:20:00",476,-0.2363967,0.043,-0.456,0.17,-0.1769743,0.183,-0.635,0.239,0.2929389,0.469,0.108,0.097
"2020-03-31 02:25:00",477,0.1129194,0.287,-0.115,0.105,0.1219694,0.345,-0.263,0.154,0.11659,0.254,-0.014,0.065
"2020-03-31 02:30:00",478,-0.2384061,-0.09,-0.392,0.07,-0.2470248,-0.039,-0.652,0.154,0.2973937,0.462,0.196,0.056
"2020-03-31 02:35:00",479,0.01860402,0.329,-0.398,0.188,0.1002741,0.443,-0.469,0.184,0.1529088,0.471,-0.086,0.109
"2020-03-31 02:40:00",480,0.04675615,0.329,-0.142,0.133,0.02556676,0.412,-0.409,0.175,0.14138,0.316,-0.039,0.075
"2020-03-31 02:45:00",481,0.03448167,0.22,-0.064,0.072,0.0755781,0.272,-0.217,0.116,0.1416024,0.275,-0.018,0.059
"2020-03-31 02:50:00",482,-0.06993663,0.275,-0.376,0.198,-0.1298393,0.37,-0.985,0.277,0.2124468,0.54,-0.019,0.133
"2020-03-31 02:55:00",483,-0.0487571,0.249,-0.34,0.166,0.06299806,0.395,-0.299,0.191,0.1918969,0.382,0.002,0.094
"2020-03-31 03:00:00",484,0.1607445,0.279,0.011,0.082,0.1801992,0.432,-0.28,0.193,0.07917298,0.255,-0.07,0.077
"2020-03-31 03:05:00",485,0.18589,0.344,0.047,0.089,0.2349089,0.401,-0.109,0.139,0.0475963,0.224,-0.059,0.067
"2020-03-31 03:10:00",486,0.07992525,0.289,-0.01,0.061,0.07703996,0.279,-0.112,0.091,0.1341637,0.265,0.039,0.044
"2020-03-31 03:15:00",487,-0.113642,0.067,-0.293,0.108,-0.1326293,0.196,-0.57,0.173,0.2279698,0.385,0.064,0.074
"2020-03-31 03:20:00",488,-0.1646446,-0.014,-0.302,0.072,-0.1242695,0.113,-0.511,0.152,0.2576999,0.381,0.154,0.052
"2020-03-31 03:25:00",489,0.05148096,0.155,-0.029,0.046,0.07926995,0.295,-0.225,0.117,0.1563129,0.309,0.048,0.044
"2020-03-31 03:30:00",490,-0.009050161,0.212,-0.22,0.12,0.02237042,0.389,-0.495,0.217,0.1746148,0.419,-0.031,0.093
"2020-03-31 03:35:00",491,0.2886582,0.454,0.128,0.096,0.31771,0.563,-0.012,0.154,0.009711629,0.141,-0.153,0.071
"2020-03-31 03:40:00",492,0.1198214,0.25,-0.011,0.075,0.1725991,0.385,-0.111,0.132,0.09267678,0.224,-0.034,0.055
"2020-03-31 03:45:00",493,-0.09827697,0.095,-0.226,0.077,-0.142777,0.148,-0.583,0.174,0.2434166,0.389,0.106,0.065
"2020-03-31 03:50:00",494,-0.07280682,0.127,-0.209,0.092,-0.01314862,0.341,-0.223,0.137,0.2066651,0.342,0.035,0.065
"2020-03-31 03:55:00",495,0.08560238,0.212,-0.031,0.062,0.1150975,0.371,-0.421,0.185,0.1178853,0.279,-0.027,0.066
"2020-03-31 04:00:00",496,0.01721532,0.125,-0.061,0.047,0.06371251,0.245,-0.15,0.097,0.1397931,0.233,0.047,0.034
"2020-03-31 04:05:00",497,0.1741925,0.343,-0.018,0.093,0.2083852,0.522,-0.13,0.153,0.05324913,0.227,-0.123,0.07
"2020-03-31 04:10:00",498,0.09339649,0.154,0.026,0.032,0.1290251,0.322,-0.136,0.111,0.1167906,0.222,0.007,0.04
"2020-03-31 04:15:00",499,0.2773844,0.367,0.133,0.066,0.3395747,0.42,0.187,0.056,0.02027975,0.131,-0.059,0.038
"2020-03-31 04:20:00",500,0.1945314,0.297,0.057,0.06,0.1987426,0.337,0.026,0.089,0.08797108,0.198,0.008,0.04
"2020-03-31 04:25:00",501,0.1676944,0.313,-0.017,0.107,0.1823314,0.346,-0.099,0.119,0.1072743,0.242,-0.017,0.062
"2020-03-31 04:30:00",502,0.2458834,0.331,0.187,0.037,0.2738064,0.357,0.167,0.053,0.09651533,0.198,0.005,0.041
"2020-03-31 04:35:00",503,0.2431513,0.368,0.122,0.065,0.2476328,0.441,-0.015,0.097,0.1485717,0.282,0.054,0.051
"2020-03-31 04:40:00",504,0.3379018,0.432,0.189,0.046,0.3233676,0.478,0.163,0.072,0.1570352,0.255,0.067,0.038
"2020-03-31 04:45:00",505,0.4671054,0.639,0.3,0.096,0.441613,0.662,-0.101,0.162,0.1761637,0.34,0.044,0.058
"2020-03-31 04:50:00",506,0.6441845,0.751,0.493,0.073,0.6013734,0.795,0.414,0.092,0.2056908,0.297,0.109,0.032
"2020-03-31 04:55:00",507,0.9118318,1.003,0.731,0.059,0.8370359,1.033,0.454,0.12,0.199174,0.366,0.068,0.075
"2020-03-31 05:00:00",508,1.345146,1.517,0.966,0.143,1.243647,1.474,0.696,0.17,0.1517368,0.365,0.031,0.074
"2020-03-31 05:05:00",509,1.310954,1.837,0.921,0.279,1.168245,1.815,0.388,0.419,0.3544543,0.629,0.143,0.132
"2020-03-31 05:10:00",510,2.030959,2.391,1.727,0.192,1.816751,2.316,0.854,0.343,0.2868554,0.632,0.069,0.117
"2020-03-31 05:15:00",511,2.928229,3.286,2.38,0.263,2.609307,3.156,1.955,0.362,0.1888468,0.542,-0.102,0.171
"2020-03-31 05:20:00",512,3.349172,3.835,2.983,0.24,3.096106,3.647,2.626,0.282,0.2049416,0.382,-0.019,0.102
"2020-03-31 05:25:00",513,4.04309,4.424,3.69,0.217,3.671628,4.155,3.232,0.267,0.06313309,0.266,-0.109,0.089
"2020-03-31 05:30:00",514,4.591163,4.856,4.179,0.205,4.196579,4.5,3.593,0.211,0.06955025,0.265,-0.085,0.072
"2020-03-31 05:35:00",515,4.916791,5.14,4.511,0.16,4.458923,4.761,3.783,0.252,0.05008362,0.321,-0.14,0.117
"2020-03-31 05:40:00",516,4.812141,5.472,4.454,0.336,4.396774,5.081,3.824,0.388,0.2711481,0.434,0.092,0.085
"2020-03-31 05:45:00",517,5.745782,6.525,5.441,0.288,5.242491,6.118,4.426,0.406,0.1652215,0.361,-0.108,0.111
"2020-03-31 05:50:00",518,6.676702,6.925,6.528,0.092,6.021668,6.235,5.851,0.091,0.08285978,0.272,-0.075,0.091
"2020-03-31 05:55:00",519,7.23887,7.432,6.914,0.133,6.5484,6.798,6.182,0.143,0.1068409,0.243,-0.02,0.054
"2020-03-31 06:00:00",520,7.481983,8.03,7.102,0.27,6.804278,7.324,6.367,0.271,0.1328419,0.258,0.023,0.051
"2020-03-31 06:05:00",521,8.903898,10.06,8.02,0.583,8.116436,9.22,7.287,0.556,0.09440003,0.206,-0.024,0.049
"2020-03-31 06:10:00",522,10.83742,11.09,10.08,0.253,9.759777,10.08,9.25,0.166,0.03544048,0.194,-0.128,0.083
"2020-03-31 06:15:00",523,11.63023,12.06,11.01,0.308,10.65305,11.07,10,0.299,0.0801331,0.204,-0.052,0.054
"2020-03-31 06:20:00",524,11.60731,11.94,11.33,0.176,10.58599,10.9,10.36,0.162,0.0455751,0.183,-0.048,0.04
"2020-03-31 06:25:00",525,12.3,12.89,11.81,0.343,11.1063,11.71,10.52,0.327,0.1219577,0.254,-0.009,0.056
"2020-03-31 06:30:00",526,13.9265,15.1,12.89,0.657,12.61782,13.64,11.7,0.599,0.1331929,0.343,-0.041,0.105
"2020-03-31 06:35:00",527,15.84806,16.34,15.02,0.401,14.4249,14.79,13.54,0.31,0.1994408,0.388,0.078,0.069
"2020-03-31 06:40:00",528,15.95789,16.81,15.43,0.408,14.44816,15.07,14.06,0.322,0.125961,0.227,0.043,0.036
"2020-03-31 06:45:00",529,18.19479,20.27,16.77,1.155,16.55236,18.37,14.98,1.147,0.1223101,0.282,-0.089,0.112
"2020-03-31 06:50:00",530,20.7069,21.16,20.22,0.257,18.69388,18.99,18.35,0.171,0.05700416,0.149,-0.014,0.031
"2020-03-31 06:55:00",531,21.44909,24.34,20.37,1.114,19.64059,22.28,18.47,1.078,0.1526573,0.283,0.079,0.034
"2020-03-31 07:00:00",532,30.31405,35.58,24.41,3.459,27.22927,31.78,22.31,2.89,0.1569484,0.243,0.039,0.043
"2020-03-31 07:05:00",533,37.24276,38.05,35.59,0.604,33.36193,34.17,31.81,0.627,0.1209388,0.236,0.031,0.041
"2020-03-31 07:10:00",534,35.169,37.74,29.8,2.226,31.36398,33.76,26.46,2.166,0.156304,0.29,0.085,0.032
"2020-03-31 07:15:00",535,23.92166,29.79,20.18,2.994,21.37475,26.42,18.45,2.47,0.1427362,0.262,0.009,0.059
"2020-03-31 07:20:00",536,18.24154,20.2,16.15,1.334,16.51246,18.47,14.49,1.251,0.1037356,0.273,0.008,0.051
"2020-03-31 07:25:00",537,15.69984,16.33,15.23,0.361,14.2393,14.88,13.89,0.284,0.1593461,0.318,0.034,0.061
"2020-03-31 07:30:00",538,21.01756,27.13,16.16,3.307,19.51061,24.94,14.9,3.04,0.1507247,0.252,0.08,0.034
"2020-03-31 07:35:00",539,28.82369,31.49,27.18,0.893,26.59684,29.11,24.94,0.842,0.1512245,0.233,0.049,0.035
"2020-03-31 07:40:00",540,41.03898,45.06,31.55,4.426,37.64747,41.25,29.17,3.96,0.2052382,0.295,0.049,0.037
"2020-03-31 07:45:00",541,36.21788,44.07,30.16,4.276,33.41225,40.33,27.91,3.741,0.1335471,0.287,-0.017,0.077
"2020-03-31 07:50:00",542,27.38195,30.16,25.79,1.217,25.41771,27.85,24.13,0.981,0.05266725,0.159,-0.069,0.04
"2020-03-31 07:55:00",543,32.77883,37.89,27.77,3.137,30.41381,35.1,26.05,2.883,0.0436243,0.212,-0.111,0.078
"2020-03-31 08:00:00",544,34.34628,38.7,24.91,4.184,31.35908,35.64,22.82,3.949,0.07440865,0.196,-0.027,0.046
"2020-03-31 08:05:00",545,22.14997,24.83,20.08,1.559,20.5604,22.77,18.75,1.312,0.1564559,0.326,0.015,0.065
"2020-03-31 08:10:00",546,24.54251,25.65,23.11,0.747,22.88586,23.84,21.62,0.764,0.07641903,0.174,-0.03,0.03
"2020-03-31 08:15:00",547,27.90914,31.85,24.86,1.781,26.15109,29.97,23.51,1.681,0.1316213,0.231,0.028,0.043
"2020-03-31 08:20:00",548,43.6601,61.69,31.91,8.86,40.37345,56.02,30.02,7.806,0.2684418,0.373,0.182,0.034
"2020-03-31 08:25:00",549,77.44926,83.9,61.85,6.9,69.47574,74.76,56.16,5.816,0.3026201,0.405,0.175,0.037
"2020-03-31 08:30:00",550,72.9725,83.2,60.1,6.427,65.54037,73.92,55.48,5.15,0.2705245,0.404,0.036,0.091
"2020-03-31 08:35:00",551,51.07976,60.1,45.82,4.441,47.34218,55.44,42.96,3.739,0.1093644,0.3,-0.062,0.088
"2020-03-31 08:40:00",552,50.39993,56.33,45.65,3.191,48.34526,53.95,43.17,3.233,0.2464256,0.387,0.134,0.05
"2020-03-31 08:45:00",553,62.61652,68.04,56.16,3.622,59.82662,64.33,53.89,3.223,0.1869774,0.296,0.105,0.038
"2020-03-31 08:50:00",554,71.51169,73.88,67.93,1.493,66.75126,68.89,64.29,1.281,0.1855048,0.268,0.107,0.035
"2020-03-31 08:55:00",555,60.33837,70.25,50.59,5.9,54.83596,64.77,46.17,5.548,0.104519,0.198,0.018,0.036
"2020-03-31 09:00:00",556,56.15528,64.78,49.14,5.747,53.06304,62.08,45.02,6.126,0.237857,0.543,0.09,0.106
"2020-03-31 09:05:00",557,58.58438,67.98,44.55,7.716,54.97837,63.83,41.24,7.419,0.1797083,0.333,0.033,0.07
"2020-03-31 09:10:00",558,36.4717,44.43,33.7,2.934,34.22805,41.14,31.86,2.454,0.1266534,0.204,0.057,0.027
"2020-03-31 09:15:00",559,47.90631,59.39,37.17,7.348,46.02693,56.82,35.41,7.098,0.1536936,0.243,0.087,0.032
"2020-03-31 09:20:00",560,64.06122,67.8,59.34,2.385,60.7732,63.91,56.82,2.036,0.1623528,0.248,0.088,0.033
"2020-03-31 09:25:00",561,59.71783,62.33,56.37,1.701,56.52255,58.85,53.53,1.551,0.1707908,0.273,0.063,0.033
"2020-03-31 09:30:00",562,51.43605,56.36,49.34,1.899,49.31839,53.5,47.53,1.621,0.1038818,0.251,0.01,0.041
"2020-03-31 09:35:00",563,54.11797,58.04,51.69,2.028,51.40976,54.41,49.66,1.583,0.1282179,0.222,0.036,0.03
"2020-03-31 09:40:00",564,60.6628,62.49,57.68,1.177,57.1577,58.74,54.19,1.136,0.1373384,0.223,0.065,0.03
"2020-03-31 09:45:00",565,61.98833,68.72,59.57,2.661,59.05774,65.3,56.08,2.793,0.1219052,0.247,0.025,0.039
"2020-03-31 09:50:00",566,82.5441,98,68.34,9.07,78.20692,91.1,64.85,7.937,0.1896146,0.316,0.077,0.041
"2020-03-31 09:55:00",567,109.0226,113.3,98.2,3.807,97.43514,100.5,91.2,2.571,0.2411751,0.351,0.123,0.045
"2020-03-31 10:00:00",568,86.10849,107.8,61.88,15.83,75.24721,94.1,54.46,13.31,0.1189193,0.223,0.002,0.053
"2020-03-31 10:10:00",570,62.96448,83.2,47.79,11.32,59.38836,78.2,44.79,10.85,0.136492,0.254,0.042,0.039
"2020-03-31 10:15:00",571,88.6116,90.9,83.3,1.639,82.65258,84.5,78.23,1.407,0.1514272,0.251,0.06,0.034
"2020-03-31 10:20:00",572,84.10498,87.9,81.2,2.104,79.65166,83,77.72,1.706,0.1718179,0.27,0.088,0.042
"2020-03-31 10:25:00",573,86.4129,89.6,82.8,2.296,80.01402,82.6,77.23,1.807,0.2544483,0.384,0.152,0.042
"2020-03-31 10:30:00",574,88.77941,94.1,83.1,3.78,81.64273,85,76.95,2.665,0.1601121,0.319,-0.025,0.073
"2020-03-31 10:35:00",575,90.44146,92.4,86.9,1.809,84.52026,89.6,82.5,1.502,0.1496486,0.261,0.022,0.05
"2020-03-31 10:40:00",576,116,133.4,92.6,13.1,106.9459,118.1,89.7,9.29,0.2011137,0.347,0.068,0.061
"2020-03-31 10:45:00",577,131.7697,140.1,124.6,4.501,115.1457,121.6,110.1,3.648,0.2397518,0.36,0.029,0.057
"2020-03-31 10:50:00",578,129.1538,143.3,122.5,5.873,114.6387,128.8,107.7,6.321,0.2165766,0.376,-0.104,0.111
"2020-03-31 10:55:00",579,136.658,144.9,112.3,9.75,124.715,131.7,105.5,7.847,0.2504801,0.378,0.116,0.057
"2020-03-31 11:00:00",580,89.2631,112.1,71.43,12.63,80.56766,105.4,63.15,13.28,0.01546343,0.223,-0.13,0.074
"2020-03-31 11:05:00",581,60.2615,71.41,50.22,6.358,53.33526,63.11,45.48,5.166,-0.07801787,0.048,-0.231,0.057
"2020-03-31 11:10:00",582,51.53845,56.63,48.71,2.488,46.03148,49.82,44.16,1.638,-0.0202072,0.121,-0.182,0.068
"2020-03-31 11:15:00",583,70.1468,85.2,56.66,9.12,60.62213,72.11,49.82,7.079,0.1141499,0.199,0.015,0.033
"2020-03-31 11:20:00",584,71.34786,85.2,52.86,10.45,57.7258,72.22,40.62,10.14,0.09483274,0.187,0.022,0.026
"2020-03-31 11:25:00",585,50.45066,53.16,48.26,1.402,37.88064,40.54,35.96,1.191,0.1239408,0.247,0.048,0.029
"2020-03-31 11:30:00",586,56.83519,61.01,53.17,2.506,42.09266,44.72,39.21,1.722,0.136531,0.232,0.052,0.024
"2020-03-31 11:35:00",587,55.81108,60.69,50.19,3.695,39.46686,43.93,33.86,3.418,0.1738567,0.259,0.053,0.037
"2020-03-31 11:40:00",588,50.31651,54.86,48.37,1.825,33.24002,35.97,32.14,1.005,0.09606018,0.255,-0.035,0.055
"2020-03-31 11:45:00",589,68.1577,79.96,54.96,8.26,43.36438,48.55,36.02,4.174,0.177597,0.375,0.009,0.086
"2020-03-31 11:50:00",590,79.3621,80.2,78.46,0.569,47.1386,48.11,46.56,0.434,0.307417,0.45,0.165,0.054
"2020-03-31 11:55:00",591,82.64846,84.1,79.63,1.237,48.89628,49.56,47.49,0.581,0.2169839,0.339,0.088,0.046
"2020-03-31 12:00:00",592,72.72216,82.5,62.3,5.489,43.50828,48.43,37.41,2.936,0.05698622,0.178,-0.05,0.046
"2020-03-31 12:05:00",593,50.8005,62.2,46.35,4.53,30.98133,37.36,28.62,2.524,-0.0005784737,0.086,-0.154,0.045
"2020-03-31 12:10:00",594,54.61552,58.11,50.24,1.828,33.9349,36.71,30.94,1.419,-0.03527271,0.091,-0.162,0.051
"2020-03-31 12:15:00",595,55.628,58.61,52.38,2.257,34.64028,36.86,32.76,1.528,0.05374871,0.145,-0.092,0.049
"2020-03-31 12:20:00",596,56.09401,62.69,52.42,3.112,34.49069,37.67,32.46,1.619,0.09975288,0.174,0.036,0.024
"2020-03-31 12:25:00",597,58.64037,62.9,53.69,3.209,35.00262,37.73,32.52,1.767,0.1226626,0.19,0.034,0.025
"2020-03-31 12:30:00",598,43.68545,53.73,35.34,5.698,26.38573,32.5,21.47,3.377,0.1077436,0.184,0.035,0.025
"2020-03-31 12:35:00",599,38.04599,47.37,34.75,3.471,23.10751,28.56,21.24,2.07,0.1131599,0.188,0.045,0.023
"2020-03-31 12:40:00",600,61.13683,68.79,47.48,6.806,36.67448,41.05,28.6,3.888,0.1142726,0.216,0.036,0.023
"2020-03-31 12:45:00",601,68.89763,71.06,66.86,1.289,41.07964,42.53,39.79,0.875,0.1169035,0.188,0.037,0.025
"2020-03-31 12:50:00",602,68.61761,72.14,63.95,2.673,41.34823,43.4,38.34,1.668,0.112927,0.177,0.045,0.021
"2020-03-31 12:55:00",603,61.16564,65.13,59.61,1.169,36.77359,38.6,36.1,0.588,0.1047827,0.198,0.04,0.023
"2020-03-31 13:00:00",604,74.0283,77.83,65.32,3.389,42.53616,44.05,38.67,1.367,0.1162212,0.191,0.063,0.022
"2020-03-31 13:05:00",605,82.40718,90,75.62,4.017,46.51222,49.93,43.28,1.889,0.1362007,0.202,0.035,0.025
"2020-03-31 13:10:00",606,86.75494,90.4,78.98,3.243,48.01457,50.02,43.92,1.777,0.2644653,0.443,0.11,0.089
"2020-03-31 13:15:00",607,73.60525,78.87,70.61,2.576,41.31244,43.87,39.95,1.219,0.2522555,0.447,0.133,0.054
"2020-03-31 13:20:00",608,79.92404,82.7,74.59,2.006,44.51846,45.97,42.35,1.046,0.1620429,0.288,-0.078,0.079
"2020-03-31 13:25:00",609,71.77,77.45,67.21,3.296,39.98062,42.89,37.6,1.672,0.1657774,0.303,0.006,0.056
"2020-03-31 13:30:00",610,72.49286,77.08,66.01,3.755,40.27947,42.46,37.13,1.796,0.0987403,0.251,-0.057,0.066
"2020-03-31 13:35:00",611,68.13498,69.95,66.63,0.768,37.06738,37.85,36.48,0.383,0.1170447,0.242,-0.039,0.073
"2020-03-31 13:40:00",612,77.25433,85.5,69.95,3.862,41.55264,45.46,37.65,1.951,0.1167349,0.288,-0.156,0.092
"2020-03-31 13:45:00",613,90.26773,92.7,85.6,2.067,47.67114,48.67,45.49,0.91,0.2274522,0.345,0.075,0.061
"2020-03-31 13:50:00",614,90.32382,91.5,89.2,0.688,48.53268,49.44,47.62,0.625,0.166244,0.289,-0.002,0.053
"2020-03-31 13:55:00",615,90.96222,92.4,90,0.733,49.11369,49.73,48.63,0.295,0.110587,0.254,-0.074,0.065
"2020-03-31 14:00:00",616,99.10493,106.6,91.6,5.244,53.39948,56.81,49.43,2.627,0.02896812,0.158,-0.147,0.047
"2020-03-31 14:05:00",617,99.80027,107.4,89,6.468,52.38182,56.92,47.17,3.526,0.1018806,0.199,-0.026,0.049
"2020-03-31 14:10:00",618,87.89274,89,86.6,0.707,46.8385,47.23,46.38,0.271,-0.02177061,0.102,-0.161,0.05
"2020-03-31 14:15:00",619,84.37839,87.4,80.2,1.933,44.70566,46.69,42.14,1.31,-0.0356877,0.076,-0.165,0.047
"2020-03-31 14:20:00",620,65.54046,80.2,48.62,9.61,34.58868,42.12,26.55,4.742,0.06707866,0.159,-0.013,0.034
"2020-03-31 14:25:00",621,41.46688,48.56,36.83,3.131,22.97024,26.5,20.43,1.677,-0.004771229,0.082,-0.089,0.033
"2020-03-31 14:30:00",622,37.08815,45.81,34.5,3.082,20.63077,25.59,19.27,1.681,-0.188351,0.093,-0.559,0.175
"2020-03-31 14:35:00",623,59.84409,74.19,45.98,8.18,32.99049,39.9,25.64,4.09,-0.1484715,0.069,-0.519,0.158
"2020-03-31 14:40:00",624,76.85727,80.3,74.28,1.638,40.32245,41.79,39.49,0.753,0.02605786,0.11,-0.046,0.025
"2020-03-31 14:45:00",625,74.2478,75.46,71.75,1.119,39.84569,40.46,39.06,0.371,0.07231689,0.158,-0.013,0.029
"2020-03-31 14:50:00",626,87.67955,95.9,74.44,6.498,45.74374,48.83,40.49,2.455,0.2604631,0.383,0.126,0.059
"2020-03-31 14:55:00",627,95.66185,98.4,94,1.286,48.7119,49.91,47.79,0.604,0.1258333,0.29,-0.042,0.065
"2020-03-31 15:00:00",628,100.0845,101.2,98.4,0.685,51.55139,52.46,49.92,0.678,0.02869419,0.16,-0.102,0.054
"2020-03-31 15:05:00",629,106.0896,113.7,100.5,4.468,54.18055,57.51,52.12,1.848,-0.04202413,0.079,-0.158,0.053
"2020-03-31 15:10:00",630,113.6607,115.3,108.9,1.765,57.83774,58.92,55.42,0.864,-0.0328345,0.098,-0.133,0.039
"2020-03-31 15:15:00",631,100.0803,108.9,94.4,4.549,50.9978,55.38,48.16,2.301,-0.1008506,0.004,-0.209,0.051
"2020-03-31 15:20:00",632,94.97886,98,93.4,1.063,49.34392,51.21,48.45,0.754,-0.05435004,0.078,-0.213,0.065
"2020-03-31 15:25:00",633,97.7355,99.2,96,0.977,52.25033,53.71,51.22,0.53,-0.06635563,0.027,-0.193,0.039
"2020-03-31 15:30:00",634,105.0798,109.2,98.9,3.003,56.38213,57.61,53.71,1.133,0.03809228,0.142,-0.061,0.04
"2020-03-31 15:35:00",635,106.0918,111.3,95.2,5.07,56.35499,58.36,51.68,2.037,-0.01426787,0.086,-0.102,0.038
"2020-03-31 15:40:00",636,83.62806,95.1,72.08,6.559,46.06218,51.63,40.11,3.295,-0.01925948,0.058,-0.12,0.028
"2020-03-31 15:45:00",637,60.97997,72.01,54.23,5.419,33.91301,40.07,29.76,3.137,0.01683749,0.095,-0.074,0.032
"2020-03-31 15:50:00",638,50.34739,54.22,48.37,1.906,27.56265,29.73,26.48,1.054,0.09495308,0.164,0.027,0.025
"2020-03-31 15:55:00",639,52.90233,56.3,48.94,2.51,28.69503,30.4,26.69,1.26,0.06875196,0.136,-0.015,0.026
"2020-03-31 16:00:00",640,53.75106,56.24,52.01,1.296,29.69752,30.36,29.12,0.378,0.05689134,0.138,-0.026,0.028
"2020-03-31 16:05:00",641,49.50256,52,48.68,0.69,28.05801,29.1,27.62,0.296,0.007393331,0.104,-0.09,0.039
"2020-03-31 16:10:00",642,45.40568,48.87,41.73,2.434,25.82198,27.59,23.85,1.278,0.0334566,0.149,-0.095,0.055
"2020-03-31 16:15:00",643,42.14085,43.16,41.23,0.565,24.24662,24.94,23.84,0.29,0.07299454,0.172,0.021,0.027
"2020-03-31 16:20:00",644,46.74687,48.16,43.18,1.477,26.80246,27.58,24.93,0.787,0.07040356,0.187,0.008,0.027
"2020-03-31 16:25:00",645,45.65688,47.21,44.53,0.683,26.25734,27.09,25.62,0.386,0.08526711,0.17,0.025,0.029
"2020-03-31 16:30:00",646,46.62894,47.45,45.58,0.613,27.11934,27.53,26.46,0.287,0.06620437,0.204,-0.062,0.049
"2020-03-31 16:35:00",647,40.75954,45.66,34.26,3.581,24.4768,26.95,20.87,1.901,-0.07781473,0.05,-0.211,0.056
"2020-03-31 16:40:00",648,30.17671,34.24,28.49,1.744,18.56174,20.86,17.65,0.984,0.02446822,0.121,-0.061,0.04
"2020-03-31 16:45:00",649,34.11286,38.42,29.31,3.144,20.891,23.64,18.03,1.93,0.006013077,0.103,-0.171,0.053
"2020-03-31 16:50:00",650,31.91632,38.44,25.27,4.196,19.92013,23.65,15.93,2.525,-0.09048231,0.007,-0.207,0.044
"2020-03-31 16:55:00",651,22.09789,25.24,20.14,1.561,14.05667,15.9,12.82,0.944,0.04531001,0.141,-0.046,0.036
"2020-03-31 17:00:00",652,20.69196,21.21,20.36,0.165,13.0628,13.18,12.83,0.102,0.0950494,0.16,0.038,0.021
"2020-03-31 17:05:00",653,19.03966,20.58,15.37,1.398,12.46303,13.1,10.47,0.643,0.0925379,0.174,0.006,0.025
"2020-03-31 17:10:00",654,18.06544,21.67,15.12,2.054,11.43051,13.28,10.16,0.967,0.06704096,0.165,-0.042,0.037
"2020-03-31 17:15:00",655,25.2531,28.28,21.7,1.942,15.38568,17.29,13.3,1.176,0.05625512,0.188,-0.06,0.047
"2020-03-31 17:20:00",656,29.52008,30.77,28.3,0.605,18.00974,18.49,17.29,0.316,-0.0222395,0.13,-0.243,0.069
"2020-03-31 17:25:00",657,29.36821,30.83,27.8,0.835,17.47524,18.49,16.38,0.663,-0.2543094,0.028,-0.547,0.13
"2020-03-31 17:30:00",658,26.33458,27.86,25.54,0.683,15.57426,16.39,15.22,0.299,-0.4055785,-0.285,-0.591,0.065
"2020-03-31 17:35:00",659,24.15657,25.55,21.47,1.262,14.55401,15.38,12.61,0.818,-0.2852317,-0.103,-0.453,0.075
"2020-03-31 17:40:00",660,22.06837,22.81,21.35,0.473,13.01475,13.54,12.43,0.31,-0.1936205,-0.056,-0.334,0.056
"2020-03-31 17:45:00",661,19.3107,22.03,17.32,1.28,11.56239,13.01,10.41,0.689,-0.142378,-0.022,-0.25,0.039
"2020-03-31 17:50:00",662,18.17898,20.19,17.18,0.994,10.56472,11.25,10.1,0.33,-0.02126075,0.123,-0.189,0.071
"2020-03-31 18:00:00",664,20.95019,21.73,20.37,0.36,11.72282,12.21,11.32,0.243,-0.001391294,0.139,-0.178,0.061
"2020-03-31 18:05:00",665,20.00602,20.43,18.49,0.512,11.1594,11.61,10.32,0.358,-0.1215344,-0.007,-0.202,0.034
"2020-03-31 18:10:00",666,17.65009,18.5,17.32,0.227,9.708976,10.34,9.33,0.227,-0.06778589,0.024,-0.136,0.035
"2020-03-31 18:15:00",667,15.65928,17.5,13.16,1.42,8.464174,9.32,7.329,0.627,0.05295734,0.13,-0.032,0.037
"2020-03-31 18:20:00",668,11.20007,13.17,8.93,1.274,6.237798,7.312,5.048,0.649,0.03260522,0.11,-0.04,0.029
"2020-03-31 18:25:00",669,7.919232,8.94,7.407,0.441,4.524838,5.043,4.131,0.28,0.0162411,0.136,-0.075,0.036
"2020-03-31 18:30:00",670,6.962588,7.488,6.393,0.382,3.990022,4.251,3.752,0.136,-0.04203819,0.048,-0.134,0.033
"2020-03-31 18:35:00",671,6.015187,6.423,5.369,0.273,3.395421,3.759,3.102,0.17,0.01253461,0.114,-0.071,0.039
"2020-03-31 18:40:00",672,4.53969,5.391,3.837,0.43,2.664255,3.12,2.278,0.223,0.07770098,0.157,-0.032,0.026
"2020-03-31 18:45:00",673,3.051288,3.861,2.565,0.346,1.924037,2.353,1.607,0.201,0.0854029,0.162,-0.008,0.026
"2020-03-31 18:50:00",674,2.102937,2.587,1.727,0.228,1.317595,1.615,1.11,0.135,0.09900422,0.181,0.014,0.029
"2020-03-31 18:55:00",675,1.363667,1.748,1.059,0.192,0.9924298,1.187,0.832,0.09,0.03036255,0.109,-0.048,0.03
"2020-03-31 19:00:00",676,0.855439,1.082,0.658,0.116,0.7186384,0.879,0.55,0.089,0.07974661,0.174,0,0.033
"2020-03-31 19:05:00",677,0.4821657,0.682,0.374,0.063,0.4868206,0.571,0.406,0.045,0.1291442,0.2,0.071,0.023
"2020-03-31 19:10:00",678,0.4808399,0.563,0.359,0.048,0.4770661,0.559,0.397,0.041,0.07136095,0.215,-0.062,0.05
"2020-03-31 19:15:00",679,0.4621074,0.585,0.367,0.06,0.4581136,0.514,0.394,0.03,0.02336039,0.102,-0.04,0.023
"2020-03-31 19:20:00",680,0.3416566,0.411,0.261,0.037,0.363793,0.437,0.288,0.033,0.04263359,0.132,-0.012,0.026
"2020-03-31 19:25:00",681,0.2418261,0.335,0.166,0.045,0.2713435,0.33,0.222,0.025,0.07680713,0.176,0.018,0.022
"2020-03-31 19:30:00",682,0.1913049,0.276,0.111,0.037,0.2667241,0.327,0.223,0.025,0.06882678,0.147,0,0.027
"2020-03-31 19:35:00",683,0.195171,0.277,0.147,0.023,0.2913533,0.388,0.219,0.042,0.0425233,0.109,-0.022,0.025
"2020-03-31 19:40:00",684,0.2878906,0.403,0.203,0.064,0.20787,0.264,0.084,0.031,0.04456632,0.132,-0.029,0.032
"2020-03-31 19:45:00",685,0.189853,0.394,0.097,0.074,0.2186808,0.268,0.165,0.02,0.05034998,0.138,-0.056,0.029
"2020-03-31 19:50:00",686,0.212479,0.27,0.12,0.028,0.2251224,0.258,0.18,0.015,0.06005429,0.133,-0.014,0.023
"2020-03-31 19:55:00",687,0.1615964,0.246,0.072,0.039,0.2087974,0.25,0.134,0.021,0.07031331,0.141,0.011,0.022
"2020-03-31 20:00:00",688,0.2397917,0.357,0.157,0.058,0.2306348,0.297,0.178,0.024,0.03727811,0.138,-0.047,0.034
"2020-03-31 20:05:00",689,0.3955704,0.475,0.317,0.031,0.2881508,0.358,0.223,0.023,-0.03072336,0.076,-0.119,0.03
"2020-03-31 20:10:00",690,0.1832273,0.375,0.068,0.088,0.2828099,0.38,0.221,0.035,0.03601612,0.166,-0.074,0.041
"2020-03-31 20:15:00",691,0.1414351,0.186,0.103,0.018,0.2235112,0.299,0.168,0.033,0.06816365,0.144,-0.021,0.03
"2020-03-31 20:20:00",692,0.1026753,0.17,0.038,0.027,0.2621284,0.353,0.181,0.033,0.05591446,0.144,-0.039,0.032
"2020-03-31 20:25:00",693,0.1037006,0.181,0.033,0.036,0.270709,0.373,0.184,0.039,0.06512931,0.152,-0.002,0.028
"2020-03-31 20:30:00",694,0.03027864,0.13,-0.064,0.04,0.216088,0.294,0.143,0.035,0.1018779,0.187,0.032,0.027
"2020-03-31 20:35:00",695,0.07876251,0.175,0.001,0.042,0.1823088,0.237,0.125,0.026,0.0958453,0.178,0.004,0.027
"2020-03-31 20:40:00",696,0.1021215,0.213,-0.036,0.057,0.163537,0.276,0.107,0.038,0.1010657,0.194,0.016,0.028
"2020-03-31 20:45:00",697,0.00107972,0.142,-0.239,0.118,0.1223574,0.176,0.05,0.025,0.1356946,0.259,0.041,0.049
"2020-03-31 20:50:00",698,-0.04837194,0.127,-0.186,0.078,0.1024501,0.171,0.042,0.031,0.1471526,0.254,0.052,0.032
"2020-03-31 20:55:00",699,0.1849852,0.287,0.082,0.053,0.1456224,0.234,0.085,0.025,0.06599633,0.171,-0.014,0.033
"2020-03-31 21:00:00",700,0.03232759,0.236,-0.197,0.129,0.1141582,0.176,0.074,0.021,0.1351954,0.214,0.043,0.037
"2020-03-31 21:05:00",701,-0.08832206,0.101,-0.297,0.085,0.1149963,0.163,0.053,0.023,0.1770115,0.277,0.076,0.043
"2020-03-31 21:10:00",702,-0.1119,0.182,-0.288,0.11,0.0559069,0.139,-0.015,0.043,0.1855944,0.34,0.076,0.043
"2020-03-31 21:15:00",703,0.153851,0.334,0.009,0.076,0.14716,0.205,0.069,0.031,0.1008151,0.196,0.019,0.034
"2020-03-31 21:20:00",704,0.1628231,0.302,0.06,0.07,0.1431633,0.207,0.105,0.022,0.08902711,0.167,0.02,0.025
"2020-03-31 21:25:00",705,-0.08459266,0.187,-0.229,0.086,0.09434441,0.205,0.043,0.035,0.1625904,0.248,0.086,0.033
"2020-03-31 21:30:00",706,0.08795826,0.377,-0.136,0.135,0.09568902,0.175,0.039,0.025,0.1207398,0.244,0.021,0.039
"2020-03-31 21:35:00",707,0.05631117,0.339,-0.151,0.11,0.07489928,0.175,0.014,0.041,0.1417262,0.238,0.058,0.039
"2020-03-31 21:40:00",708,0.1547502,0.283,-0.044,0.089,0.1014695,0.167,0.029,0.033,0.1187441,0.214,0.038,0.029
"2020-03-31 21:45:00",709,0.01763318,0.234,-0.144,0.082,0.1128895,0.162,0.063,0.024,0.1234731,0.192,0.046,0.03
"2020-03-31 21:50:00",710,-0.09649283,0.176,-0.356,0.117,0.05435318,0.137,-0.008,0.026,0.1588369,0.274,0.072,0.039
"2020-03-31 21:55:00",711,0.0451614,0.241,-0.208,0.139,0.09151125,0.135,0.04,0.021,0.1329521,0.238,0.046,0.039
"2020-03-31 22:00:00",712,-0.04376464,0.251,-0.339,0.162,0.1054335,0.285,-0.002,0.082,0.1476625,0.285,-0.026,0.067
"2020-03-31 22:05:00",713,0.1520346,0.325,-0.109,0.105,0.2971933,0.382,0.13,0.062,0.003773854,0.162,-0.1,0.055
"2020-03-31 22:10:00",714,0.06679541,0.282,-0.236,0.115,0.1648124,0.266,0.064,0.05,0.07533854,0.255,-0.062,0.06
"2020-03-31 22:15:00",715,0.05784812,0.362,-0.278,0.182,0.1104509,0.271,-0.091,0.095,0.1176628,0.373,-0.065,0.111
"2020-03-31 22:20:00",716,0.1996533,0.461,-0.29,0.142,0.2065333,0.318,-0.024,0.066,0.02950856,0.243,-0.135,0.072
"2020-03-31 22:25:00",717,-0.1331155,0.167,-0.363,0.116,-0.01718924,0.11,-0.118,0.051,0.206409,0.352,-0.009,0.079
"2020-03-31 22:30:00",718,-0.003598048,0.209,-0.2,0.104,0.02506814,0.18,-0.083,0.049,0.1651847,0.296,0.022,0.063
"2020-03-31 22:35:00",719,0.1603115,0.384,-0.077,0.102,0.1113915,0.217,-0.048,0.062,0.1009564,0.219,-0.008,0.051
"2020-03-31 22:40:00",720,-0.04044196,0.174,-0.323,0.121,0.00712844,0.092,-0.107,0.046,0.1806117,0.333,0.022,0.064
"2020-03-31 22:45:00",721,0.07384551,0.365,-0.316,0.206,0.1104464,0.211,-0.017,0.066,0.136886,0.359,0.027,0.07
"2020-03-31 22:50:00",722,-0.08517901,0.282,-0.289,0.135,0.1145051,0.281,0.023,0.055,0.134143,0.305,-0.034,0.066
"2020-03-31 22:55:00",723,0.1348002,0.404,-0.23,0.164,0.2159866,0.352,0.012,0.07,0.05251555,0.241,-0.095,0.073
"2020-03-31 23:00:00",724,0.1304658,0.608,-0.238,0.256,0.1395799,0.391,-0.104,0.125,0.08126815,0.371,-0.168,0.142
"2020-03-31 23:05:00",725,0.2439245,0.49,0.085,0.096,0.2814535,0.411,0.159,0.059,-0.01825362,0.095,-0.156,0.049
"2020-03-31 23:10:00",726,0.03951292,0.485,-0.266,0.155,0.2407081,0.419,0.093,0.071,0.06894735,0.245,-0.112,0.077
"2020-03-31 23:15:00",727,-0.1697876,0.181,-0.437,0.187,0.03942298,0.26,-0.119,0.092,0.2275922,0.473,0.037,0.113
"2020-03-31 23:20:00",728,0.2087477,0.456,-0.011,0.112,0.2540734,0.407,0.14,0.061,0.0154289,0.168,-0.138,0.059
"2020-03-31 23:25:00",729,0.1863771,0.581,-0.371,0.268,0.2368713,0.483,-0.128,0.187,0.02275998,0.297,-0.186,0.134
"2020-03-31 23:30:00",730,0.2590701,0.774,-0.372,0.343,0.2930874,0.574,-0.105,0.196,-0.03525529,0.329,-0.252,0.144
"2020-03-31 23:35:00",731,0.08223854,0.816,-0.328,0.282,0.2059412,0.591,-0.021,0.16,0.04407478,0.277,-0.207,0.109
"2020-03-31 23:40:00",732,-0.1041256,0.182,-0.43,0.142,0.0401623,0.262,-0.178,0.1,0.1598688,0.378,-0.034,0.091
"2020-03-31 23:45:00",733,-0.1104136,0.215,-0.367,0.146,-0.006647091,0.273,-0.325,0.134,0.2145568,0.396,-0.017,0.104
"2020-03-31 23:50:00",734,0.002060153,0.183,-0.182,0.091,0.06029289,0.218,-0.15,0.098,0.1436179,0.329,-0.017,0.069
"2020-03-31 23:55:00",735,0.4171184,0.785,-0.054,0.2,0.2886412,0.487,0.015,0.117,-0.03392514,0.203,-0.222,0.1
"2020-04-01 00:00:00",736,0.3772597,0.698,0.157,0.134,0.3262315,0.49,0.094,0.08,-0.07334941,0.083,-0.21,0.061
"2020-04-01 00:05:00",737,0.1066005,0.521,-0.191,0.176,0.2020714,0.478,-0.074,0.115,0.04180401,0.189,-0.156,0.075
"2020-04-01 00:10:00",738,-0.0573466,0.42,-0.462,0.258,0.08155594,0.354,-0.23,0.142,0.1410684,0.434,-0.093,0.121
"2020-04-01 00:15:00",739,-0.08081622,0.39,-0.503,0.221,0.05819564,0.367,-0.283,0.167,0.143694,0.398,-0.132,0.121
"2020-04-01 00:20:00",740,0.2949866,0.687,-0.209,0.279,0.2950891,0.547,-0.098,0.177,-0.02674042,0.227,-0.221,0.113
"2020-04-01 00:25:00",741,0.2293218,0.593,-0.066,0.172,0.2992589,0.489,0.085,0.095,0.006277077,0.172,-0.159,0.074
"2020-04-01 00:30:00",742,0.3673206,0.689,0.033,0.13,0.4090565,0.549,0.253,0.074,-0.04886179,0.084,-0.166,0.052
"2020-04-01 00:35:00",743,-0.3636455,0.277,-0.705,0.212,0.06107998,0.391,-0.234,0.139,0.1656026,0.421,-0.077,0.11
"2020-04-01 00:40:00",744,-0.2339201,0.424,-0.698,0.319,0.00583876,0.303,-0.286,0.153,0.2540249,0.585,-0.007,0.144
"2020-04-01 00:45:00",745,0.3880538,0.667,-0.044,0.166,0.2779119,0.485,0.016,0.095,-0.005561782,0.267,-0.158,0.089
"2020-04-01 00:50:00",746,0.0778585,0.553,-0.535,0.228,0.2331107,0.51,-0.107,0.124,0.04300106,0.314,-0.104,0.083
